,count
271590,4132
291550,3236
350280,2752
427730,2116
35140,1799
214560,1582
310370,1179
227940,1030
385770,832
337000,782
292140,631
745880,622
296300,600
459820,575
233270,520
1840,511
32440,492
388210,447
389510,422
274310,414
17450,379
390340,368
234710,336
17430,320
330390,317
516510,312
310360,293
274230,280
341720,279
369990,270
268910,246
286260,240
359550,225
335620,218
440,216
452570,209
61700,204
377160,202
230410,198
233550,196
417290,193
230050,186
444090,175
224500,172
258010,167
200710,161
308040,159
319630,154
19980,153
612880,148
525700,147
603960,146
433850,137
15210,136
4000,135
346110,129
465490,126
441050,125
345260,121
530560,120
252490,118
391540,116
13600,114
504370,113
287020,113
240720,111
275180,111
620,111
357300,111
435150,108
49520,105
6060,102
582160,101
374320,98
26900,97
379720,96
431960,95
326840,92
357500,92
11590,90
384150,90
554620,90
296050,89
386480,89
738060,88
524220,87
674940,87
253230,86
357290,86
413150,84
339790,84
363490,84
8930,83
71240,83
417860,82
301520,82
367520,82
241930,81
304930,80
224300,80
232090,80
23450,78
356190,78
8880,75
414340,75
241620,75
339800,74
550650,73
7650,73
730,70
644930,68
271860,68
389730,67
38740,67
452230,65
211420,64
438740,64
205100,64
208650,64
239140,63
399660,63
262450,62
211820,62
250900,61
590720,61
289070,60
427520,60
280560,60
698640,60
281990,60
225080,59
227300,59
473690,59
262060,58
206440,58
225540,58
224900,57
48700,57
201810,57
344340,57
221100,56
107410,56
363970,56
282070,55
415030,55
306130,54
582660,54
506510,53
303210,53
230310,53
333930,53
384190,52
294100,52
584400,52
108210,52
236870,52
353550,52
411080,51
304050,51
209330,51
255710,51
601430,50
353370,50
220,50
210870,50
212680,50
238320,49
220240,49
268500,49
601510,48
337340,48
304390,48
365590,48
403640,48
245150,48
588430,47
234140,47
223100,47
497780,47
275850,47
235540,46
418460,46
221910,45
346900,45
305620,45
420530,44
447530,44
394360,44
405640,44
488790,43
528640,43
652980,43
387290,43
300300,43
406150,43
48000,43
447040,43
206420,43
322500,42
220200,42
400,42
219990,42
207610,42
330830,42
55100,41
492340,40
274190,40
498240,40
477160,39
282140,39
373420,39
431240,39
391720,39
221380,38
375450,38
347440,38
203160,38
466240,38
213670,38
225260,38
433340,38
340800,37
388880,37
209000,37
386360,37
237930,37
501300,36
434620,36
219150,36
268130,36
489830,36
344770,36
274170,35
462770,35
291480,35
345120,35
665360,35
361420,35
434570,35
55230,34
32900,34
214490,34
239030,34
481510,34
316700,34
464060,34
200260,34
242760,34
291650,33
263040,33
334230,33
569480,33
458470,33
393380,33
285900,33
204100,33
359870,33
251210,33
310950,32
440900,32
335300,32
587620,32
20920,32
204360,32
418370,32
203770,32
261030,31
409710,31
113200,31
457140,31
657200,31
50300,31
8790,31
219640,31
278360,31
70,31
460790,30
9480,30
476600,30
39210,30
302510,30
388420,30
247080,30
233450,30
286690,30
300400,30
257510,30
367500,30
300380,30
324800,29
336100,29
429660,29
250760,29
369080,29
313810,29
307780,29
282800,29
200510,29
243970,28
8980,28
360430,28
261570,28
242860,28
372000,28
495890,28
523780,28
244930,28
400370,28
233130,28
261110,28
454320,27
558420,27
8190,27
231430,27
425580,27
270880,27
110800,27
345350,27
313040,26
627270,26
2600,26
222880,26
104900,26
261640,26
284160,26
383980,26
553640,25
287390,25
335670,25
466560,25
363520,25
238010,25
392110,25
22370,25
461560,25
637100,25
107100,25
1610,25
105600,24
330840,24
22320,24
327690,24
389190,24
233720,24
310380,24
456670,24
374570,24
298610,24
424840,24
292730,24
47890,24
365560,23
288160,23
636480,23
552590,23
569860,23
307690,23
283640,23
232430,23
589290,23
303260,23
236110,23
40800,23
115800,23
397950,23
210970,22
242920,22
240,22
593280,22
362930,22
383870,22
238460,22
504460,22
460930,22
238090,22
249050,22
204300,22
354740,22
246620,22
269210,22
428540,22
452420,22
323580,22
287700,22
518790,22
311340,22
50130,21
312530,21
365670,21
574640,21
206190,21
262410,21
287980,21
462930,21
239350,21
449460,21
394510,21
221640,21
236090,21
733990,21
537800,21
102500,21
558990,21
108710,21
202970,21
364470,21
410110,21
362890,21
666220,21
468320,20
217120,20
394230,20
365450,20
365300,20
573780,20
268050,20
47780,20
219890,20
414740,20
353380,20
386180,20
272270,20
24200,20
643270,20
12120,20
42700,20
248820,20
322190,20
20900,20
39140,20
22330,20
398850,20
266510,20
346010,19
239820,19
299740,19
3830,19
496300,19
218230,19
460920,19
32370,19
294860,19
203140,19
489520,19
413410,19
242640,19
500,19
204450,19
241600,19
518120,19
311210,19
274900,19
209080,19
298110,19
597220,19
623940,19
512900,19
413420,19
214950,19
319510,19
102700,19
322330,19
378610,19
268930,19
365360,19
571310,19
404680,19
549740,19
594570,19
8500,19
376870,18
253710,18
20500,18
660340,18
12200,18
499520,18
428550,18
491210,18
351970,18
453480,18
536930,18
367580,18
386940,18
65930,18
423230,18
221040,18
24980,18
326460,18
538680,18
429570,18
384300,18
245170,18
660880,18
435400,18
17460,18
22350,18
17410,18
210770,18
360830,18
220440,18
394690,18
3590,18
409720,17
7670,17
391460,17
108600,17
316010,17
700330,17
460810,17
239160,17
418340,17
451020,17
732430,17
273110,17
609410,17
273350,17
200210,17
428690,17
343860,17
242050,17
304240,17
17390,17
424280,17
582550,16
397340,16
557600,16
257850,16
387860,16
33230,16
387990,16
552990,16
280160,16
529110,16
469820,16
723780,16
448800,16
322110,16
224260,16
679990,16
300550,16
421020,16
238430,16
356040,16
326590,16
464690,16
7940,16
356670,16
9200,16
313120,16
208580,16
614570,16
529180,16
207140,16
493340,15
654880,15
290340,15
641990,15
355840,15
362680,15
763410,15
570840,15
57300,15
289650,15
466830,15
368370,15
552700,15
422970,15
94400,15
265930,15
423880,15
342920,15
211400,15
216150,15
350080,15
356570,15
228280,15
722060,15
564230,15
346940,15
378540,15
664430,15
592580,15
4500,15
548760,15
10180,15
312990,15
521890,15
314710,15
385760,15
349040,15
313340,15
341940,15
433950,14
274940,14
328100,14
24740,14
291410,14
311290,14
595280,14
327410,14
448510,14
22300,14
363680,14
99900,14
228360,14
475550,14
295790,14
493900,14
234650,14
318600,14
297130,14
242680,14
228300,14
609150,14
409560,14
355180,14
506610,14
746410,14
525480,14
360740,14
24960,14
286000,14
512250,14
243470,14
302390,14
250320,14
435530,14
493840,14
388090,14
248610,14
235600,14
563560,14
45760,14
220780,14
272060,14
317360,14
263980,14
113400,14
344760,13
331450,13
394310,13
635260,13
335890,13
237990,13
323850,13
564710,13
386620,13
444640,13
35720,13
568770,13
15100,13
310080,13
323370,13
514900,13
452060,13
224460,13
544550,13
404410,13
251150,13
282900,13
225840,13
451340,13
588650,13
332310,13
554220,13
377840,13
252950,13
21690,13
280010,13
70000,13
42910,13
427270,13
646570,13
286100,13
65980,13
50510,13
577940,13
444200,12
245620,12
236430,12
546390,12
289130,12
292120,12
265300,12
324810,12
411830,12
582260,12
3910,12
268420,12
287290,12
372360,12
332200,12
80,12
423580,12
402710,12
385270,12
351640,12
221260,12
42670,12
9900,12
550,12
253840,12
35450,12
381120,12
259080,12
582270,12
462940,12
420290,12
429790,12
302830,12
250260,12
254700,12
370360,12
388410,12
684410,12
374040,12
572410,12
215830,12
541210,12
264200,12
315430,12
22380,12
426000,12
311560,12
217200,12
482440,11
223710,11
115320,11
226860,11
326480,11
35700,11
212500,11
382490,11
487120,11
645750,11
311730,11
329430,11
299360,11
504210,11
571740,11
416380,11
301910,11
228380,11
236370,11
206210,11
290300,11
580200,11
265550,11
678800,11
624090,11
2280,11
208090,11
410890,11
409160,11
12140,11
212480,11
4700,11
317400,11
342200,11
346250,11
333640,11
293780,11
533300,11
71340,11
274500,11
308420,11
354240,11
208200,11
445220,11
25000,11
359050,11
55150,11
375950,11
246420,11
476410,11
493200,11
208140,11
6910,11
301860,11
581200,11
383230,11
346950,11
407530,11
252610,11
224540,11
627690,11
610080,11
406550,10
70400,10
393420,10
65800,10
534600,10
261180,10
282440,10
301640,10
345180,10
384490,10
443810,10
277270,10
408120,10
752500,10
352460,10
311690,10
260230,10
548230,10
360170,10
302380,10
267490,10
24010,10
366090,10
371660,10
404540,10
265630,10
454650,10
235460,10
676820,10
314160,10
324060,10
657630,10
383150,10
17470,10
17570,10
241560,10
436520,10
35600,10
397060,10
368070,10
367450,10
67370,10
531640,10
537180,10
63380,10
420,10
7520,10
213610,10
270210,10
562760,10
258520,10
242700,10
10090,10
223470,10
241540,10
520440,10
34010,9
402980,9
200940,9
252110,9
327890,9
398710,9
427190,9
560260,9
304650,9
239430,9
95400,9
368500,9
529520,9
208480,9
32360,9
17500,9
482730,9
698300,9
758230,9
360940,9
10500,9
256290,9
270550,9
401190,9
230230,9
290080,9
39150,9
248570,9
402170,9
40700,9
363930,9
380600,9
263280,9
405900,9
281640,9
410320,9
115100,9
380,9
398140,9
253110,9
419480,9
32500,9
24240,9
20,9
353560,9
507010,9
611790,9
251130,9
258180,9
203750,9
307880,9
48190,9
615610,9
405820,9
17300,9
296470,9
666860,9
430960,9
568090,9
255220,9
323060,9
21100,9
305050,9
215280,9
464450,9
224760,9
530620,9
260550,9
251990,9
237870,9
105450,9
352520,9
13240,9
331470,9
40500,9
371970,8
337320,8
619230,8
4920,8
230270,8
663380,8
374030,8
422810,8
388160,8
313780,8
288470,8
248860,8
234080,8
535480,8
1250,8
51100,8
550900,8
230190,8
543260,8
402570,8
347830,8
376570,8
460120,8
91700,8
252410,8
393080,8
458710,8
434260,8
654350,8
383270,8
386070,8
385730,8
266210,8
331600,8
4760,8
405310,8
268650,8
519180,8
675010,8
236850,8
251290,8
375460,8
296870,8
383120,8
320,8
559210,8
21090,8
402620,8
342310,8
207690,8
422650,8
639170,8
426790,8
270150,8
10680,8
2870,8
108800,8
296490,8
40990,8
265890,8
314660,8
214340,8
298020,8
38410,8
353640,8
407840,8
291430,8
243120,8
370240,8
359390,8
313660,8
506140,8
236690,8
323470,8
32800,8
361300,8
595340,8
333420,8
348530,8
632000,8
258970,8
388080,8
209160,8
290930,8
474750,8
296970,8
400910,8
457760,8
39120,8
421040,8
341000,8
38400,8
36300,8
262280,8
300,8
201790,8
31280,8
47790,8
434050,8
274350,8
307670,8
585950,8
591530,8
443580,8
488890,8
312280,8
439190,8
480650,8
335240,8
19900,8
42960,8
57900,8
496810,8
243800,8
368340,8
239200,8
209650,8
315810,8
212070,8
364640,8
464650,8
339200,7
527270,7
2100,7
636040,7
340050,7
319910,7
404590,7
264140,7
205950,7
378720,7
345820,7
438270,7
215530,7
370910,7
412830,7
407900,7
340,7
224600,7
44350,7
22340,7
278080,7
340170,7
365960,7
650670,7
50620,7
237630,7
270170,7
735570,7
421670,7
480430,7
49600,7
396650,7
280740,7
667600,7
104700,7
263760,7
406970,7
312520,7
522590,7
6020,7
250600,7
418070,7
491950,7
233980,7
233290,7
339340,7
457330,7
287260,7
465520,7
358090,7
449540,7
352400,7
227000,7
395170,7
329440,7
411960,7
3480,7
442120,7
285160,7
303310,7
668210,7
597170,7
242820,7
547680,7
32470,7
351990,7
433530,7
503350,7
22000,7
544610,7
329110,7
311260,7
578330,7
585900,7
252630,7
211340,7
515220,7
251950,7
518030,7
668630,7
587650,7
320140,7
530330,7
70300,7
470260,7
672630,7
322170,7
363890,7
399670,7
439350,7
285920,7
446020,7
545360,7
415200,7
419460,7
330820,7
362490,7
256460,7
57690,7
530390,7
725340,7
557400,7
520820,7
232790,7
11450,7
290770,7
621830,7
391040,7
722730,7
632300,7
353360,7
339610,7
259550,7
311310,7
734750,7
211600,7
344850,7
368360,7
385710,7
211500,7
445190,7
78000,7
351030,7
318430,7
306020,7
252330,7
251060,7
286040,7
271240,7
410850,7
2310,7
339350,7
218680,7
12110,7
48720,7
326410,7
449960,7
238210,7
108200,7
760820,7
357380,7
233470,7
402840,7
314850,6
274920,6
269770,6
17080,6
212800,6
435120,6
359310,6
338170,6
469600,6
610130,6
367270,6
501590,6
734580,6
401710,6
391270,6
2320,6
411370,6
257400,6
391000,6
253250,6
315930,6
555210,6
212630,6
204340,6
591960,6
9010,6
312840,6
704550,6
6000,6
297000,6
509980,6
237850,6
587260,6
9450,6
654990,6
9050,6
251730,6
266430,6
303390,6
300570,6
259680,6
446560,6
2990,6
2400,6
418190,6
440650,6
232890,6
318970,6
328070,6
221680,6
247000,6
755560,6
343780,6
371200,6
205890,6
235210,6
403190,6
246110,6
556300,6
212160,6
22100,6
375820,6
524580,6
250340,6
232910,6
9930,6
551730,6
41700,6
299950,6
447000,6
312750,6
244160,6
485890,6
284240,6
234670,6
292860,6
520900,6
527230,6
438640,6
302610,6
491040,6
267530,6
454910,6
754810,6
517910,6
535850,6
38600,6
32400,6
381780,6
16450,6
290790,6
285310,6
71250,6
240760,6
282560,6
562220,6
418180,6
406290,6
373770,6
329050,6
220860,6
362620,6
486310,6
356290,6
416130,6
422900,6
219780,6
206500,6
352550,6
268850,6
467360,6
606370,6
298260,6
328080,6
20510,6
270450,6
237110,6
563150,6
384550,6
232010,6
228400,6
276810,6
340000,6
459220,6
499440,6
6550,6
515040,6
455980,6
671270,6
251870,6
608800,6
286340,6
523210,6
247660,6
302670,6
637850,6
208750,6
230070,6
286940,6
6880,5
234900,5
542310,5
385470,5
34900,5
286570,5
261530,5
368730,5
219830,5
236450,5
248390,5
356500,5
319830,5
604490,5
575720,5
372800,5
2270,5
252850,5
249230,5
374090,5
577230,5
620900,5
385240,5
359900,5
313020,5
203680,5
466500,5
333300,5
200010,5
483980,5
512060,5
384630,5
220820,5
12360,5
12220,5
492290,5
421120,5
575640,5
400630,5
503620,5
421660,5
249630,5
403970,5
244030,5
335430,5
378370,5
4580,5
434250,5
369070,5
544190,5
394720,5
345650,5
601530,5
543460,5
6120,5
332570,5
453090,5
389570,5
34030,5
454060,5
448370,5
17520,5
344240,5
339280,5
96100,5
391730,5
690930,5
520720,5
410670,5
48220,5
247730,5
402020,5
465440,5
259830,5
463530,5
207930,5
1520,5
261470,5
347600,5
15130,5
400170,5
47810,5
275200,5
678900,5
267670,5
261980,5
34870,5
239070,5
45770,5
461620,5
652610,5
245280,5
350640,5
220700,5
281920,5
316790,5
269950,5
375480,5
214190,5
449140,5
268750,5
442080,5
334120,5
583470,5
593880,5
209870,5
675630,5
242880,5
256190,5
7000,5
222480,5
302710,5
261510,5
252030,5
587100,5
751690,5
298050,5
268870,5
266010,5
310790,5
433910,5
447020,5
238240,5
359260,5
574070,5
22200,5
344040,5
389280,5
438040,5
345610,5
355050,5
745760,5
205230,5
489140,5
252670,5
316720,5
353700,5
370020,5
725550,5
545540,5
397900,5
344740,5
507490,5
577480,5
619910,5
223830,5
378660,5
429470,5
98800,5
408280,5
212200,5
571260,5
466910,5
397550,5
32430,5
382660,5
436500,5
401680,5
332070,5
469720,5
545270,5
658560,5
364420,5
616250,5
444140,5
480640,5
357190,5
530070,5
430440,5
26800,5
278460,5
204530,5
263800,5
302790,5
495350,5
314020,5
237310,5
220090,5
669580,5
390040,5
547900,5
332500,5
274270,5
266490,5
595480,5
299030,5
367120,5
233150,5
354290,5
275670,5
464150,5
353540,5
21000,5
245550,5
304030,5
343710,4
712730,4
380150,4
443860,4
298630,4
3900,4
214870,4
33320,4
380840,4
261820,4
234190,4
200910,4
367670,4
223220,4
337720,4
345390,4
202170,4
248310,4
286080,4
245470,4
292500,4
630,4
357480,4
361990,4
17480,4
439940,4
354200,4
313160,4
13500,4
41050,4
578720,4
665490,4
464780,4
449210,4
637880,4
448290,4
486720,4
12100,4
227860,4
97000,4
686200,4
400040,4
672730,4
249130,4
271900,4
331670,4
280,4
70500,4
497180,4
331500,4
383930,4
272470,4
253750,4
351470,4
687260,4
237740,4
525040,4
257750,4
366910,4
438130,4
384740,4
618970,4
250050,4
549260,4
368390,4
508140,4
283680,4
8850,4
113420,4
235380,4
687590,4
320040,4
453340,4
225160,4
610190,4
265610,4
244870,4
363410,4
33930,4
396350,4
439370,4
317470,4
322910,4
269490,4
501320,4
343360,4
96000,4
671760,4
263720,4
214510,4
34270,4
275390,4
314450,4
658260,4
445130,4
421050,4
511470,4
202750,4
719590,4
264380,4
327060,4
612020,4
424250,4
270370,4
287450,4
243950,4
257170,4
371180,4
318530,4
248550,4
464350,4
353270,4
33460,4
249590,4
323380,4
416770,4
265690,4
205990,4
417880,4
327510,4
588950,4
60,4
7760,4
203290,4
479130,4
24810,4
415270,4
115110,4
353090,4
376210,4
487220,4
259530,4
366220,4
283980,4
22310,4
257350,4
364050,4
446790,4
107800,4
424370,4
250180,4
552100,4
505170,4
357310,4
294140,4
434460,4
737750,4
457890,4
581270,4
327860,4
697010,4
441830,4
558100,4
365160,4
364360,4
390670,4
325610,4
495910,4
369580,4
301840,4
367080,4
12150,4
208730,4
607890,4
247020,4
566160,4
258030,4
280180,4
397460,4
261760,4
504050,4
355800,4
251850,4
13210,4
214700,4
277590,4
508290,4
577800,4
329130,4
322290,4
238910,4
25890,4
247240,4
306660,4
8140,4
469920,4
208400,4
331190,4
499660,4
324740,4
669570,4
361800,4
485650,4
574760,4
441380,4
427820,4
317820,4
648430,4
568750,4
402330,4
509220,4
238370,4
651650,4
307110,4
607460,4
298030,4
440880,4
526740,4
330580,4
226740,4
24840,4
448790,4
248490,4
350740,4
263060,4
404620,4
335000,4
558410,4
247430,4
441870,4
326160,4
384420,4
47410,4
388320,4
6860,4
453890,4
318130,4
754530,4
374670,4
601010,4
40970,4
219950,4
598960,4
285440,4
432020,4
734550,4
754620,4
535520,4
222940,4
285330,4
253330,4
337950,4
452540,4
412450,4
415850,4
540840,4
239250,4
387970,4
71230,4
298240,4
751500,4
573170,4
606710,4
685310,4
204880,4
440540,4
321400,4
215080,4
22180,4
324160,4
694370,4
2300,4
209670,4
253980,4
337490,4
325090,4
521200,4
10,4
504300,4
676430,4
4570,4
476460,4
381020,4
224820,4
504090,4
513560,4
415480,4
363600,4
463270,4
272510,4
715010,4
529660,4
649900,4
490450,4
254200,4
674520,4
32420,4
436670,3
732730,3
553210,3
340270,3
472870,3
268220,3
303610,3
2610,3
395620,3
98300,3
579760,3
486650,3
227600,3
289690,3
334420,3
310510,3
357070,3
502370,3
3720,3
353330,3
348540,3
427980,3
7510,3
358130,3
494670,3
410820,3
255300,3
474010,3
527190,3
612720,3
520610,3
346180,3
496460,3
351340,3
428880,3
204630,3
318220,3
344500,3
413850,3
384210,3
485310,3
15120,3
576470,3
34830,3
245370,3
482450,3
400250,3
221020,3
385250,3
249870,3
473770,3
376300,3
436180,3
21980,3
612070,3
434650,3
404790,3
429050,3
356520,3
497640,3
454950,3
414950,3
33420,3
201230,3
346330,3
585550,3
431600,3
545110,3
521630,3
206230,3
427510,3
227220,3
284460,3
273070,3
725280,3
673610,3
327070,3
8600,3
527340,3
550340,3
224920,3
314000,3
6900,3
252130,3
329830,3
302080,3
330570,3
288690,3
410380,3
484950,3
16810,3
460700,3
324070,3
434730,3
35130,3
391070,3
218090,3
377060,3
375120,3
24780,3
292600,3
260430,3
624270,3
509610,3
510050,3
94200,3
467320,3
353130,3
226720,3
249650,3
324680,3
534820,3
429580,3
1930,3
238260,3
228260,3
34820,3
250420,3
202310,3
410980,3
8330,3
47920,3
606800,3
313010,3
431730,3
344960,3
91330,3
494720,3
323220,3
705220,3
239800,3
437160,3
501120,3
495110,3
665090,3
40950,3
39550,3
248170,3
382900,3
297110,3
444580,3
250400,3
486510,3
270010,3
463150,3
55040,3
617480,3
394540,3
530900,3
415400,3
242800,3
671700,3
596650,3
730410,3
726390,3
467820,3
290890,3
311720,3
63610,3
225640,3
272040,3
254320,3
391280,3
395500,3
446150,3
589390,3
434170,3
201310,3
12830,3
575650,3
285740,3
420440,3
3800,3
259060,3
635940,3
291860,3
287340,3
388800,3
409510,3
262830,3
404480,3
389040,3
538100,3
375840,3
427100,3
432010,3
347560,3
366320,3
445720,3
428750,3
45740,3
216910,3
506900,3
298520,3
469890,3
526160,3
321360,3
373930,3
629770,3
526490,3
400580,3
102840,3
626010,3
586660,3
435300,3
3020,3
724740,3
346810,3
629280,3
32350,3
3920,3
502770,3
347610,3
371520,3
233740,3
259600,3
577730,3
42120,3
2500,3
382890,3
224480,3
360650,3
765180,3
341870,3
355270,3
10150,3
380580,3
367600,3
315260,3
205910,3
299460,3
214360,3
274290,3
429680,3
24800,3
215470,3
464700,3
464880,3
228180,3
336130,3
39690,3
538070,3
260790,3
654050,3
562810,3
380360,3
282100,3
314280,3
15700,3
244730,3
3340,3
655160,3
222420,3
462100,3
331480,3
214590,3
294440,3
423490,3
660160,3
17710,3
204030,3
449830,3
397100,3
245390,3
445110,3
335190,3
389670,3
244770,3
483770,3
551770,3
41500,3
326180,3
319180,3
232770,3
635320,3
316750,3
217920,3
235620,3
348620,3
98400,3
225280,3
617440,3
312540,3
461890,3
437920,3
632070,3
231200,3
511680,3
591420,3
658160,3
466110,3
758500,3
696360,3
340310,3
708510,3
41060,3
242720,3
562590,3
501480,3
22450,3
249330,3
29180,3
355250,3
655780,3
207350,3
205020,3
355970,3
508980,3
272890,3
738380,3
458770,3
316370,3
495480,3
384110,3
373180,3
341770,3
290040,3
285820,3
385560,3
379980,3
316430,3
434410,3
642390,3
411970,3
363330,3
394760,3
415300,3
740470,3
721030,3
332800,3
241260,3
506730,3
540510,3
647830,3
368990,3
505640,3
502280,3
436110,3
302010,3
340070,3
375510,3
293180,3
370770,3
402880,3
408410,3
616110,3
297120,3
728730,3
2700,3
576310,3
303290,3
261490,3
17330,3
41300,3
751590,3
391740,3
65540,3
541570,3
576770,3
107200,3
420520,3
466170,3
742150,3
312430,3
731770,3
9420,3
475490,3
278100,3
551450,3
601810,3
397430,3
562570,3
585910,3
224960,3
40720,3
270630,3
258890,3
237430,3
591370,3
561740,3
461340,3
313690,3
696480,3
638850,3
252230,3
412140,3
242550,3
631980,3
7830,3
218410,3
559650,3
299600,3
529840,3
288120,3
388340,3
230820,3
223280,3
610180,3
429940,3
298600,3
624910,3
731910,3
615770,3
302590,3
464620,3
246580,3
320340,3
597230,3
283230,3
352220,3
461430,3
246090,3
676480,3
622370,3
319140,3
16720,3
696370,3
585840,3
681860,3
686680,3
330070,3
11610,3
265240,3
262960,3
200170,3
269790,3
488660,3
510620,3
406920,3
292620,3
619880,3
248190,3
231160,3
444250,3
336080,3
232450,3
512470,3
346120,3
214770,3
496550,3
539370,3
568220,3
33210,3
108500,3
409590,3
490820,3
392410,3
380750,3
456430,3
12130,3
296910,3
469830,3
397270,3
227080,3
644390,3
639490,3
386590,3
625980,3
80310,3
333250,3
560000,3
250110,3
661590,3
455910,3
392280,3
39680,3
333980,3
523000,3
361550,3
260250,3
263680,3
681380,3
314410,3
647960,2
513890,2
521340,2
386080,2
619400,2
446380,2
340340,2
266390,2
563320,2
285070,2
463110,2
296930,2
6850,2
565390,2
251470,2
418060,2
45700,2
350010,2
313240,2
32450,2
409660,2
452440,2
438320,2
591740,2
625430,2
438340,2
271730,2
574310,2
603940,2
446120,2
25800,2
635830,2
390030,2
495280,2
581650,2
212410,2
752810,2
460650,2
273770,2
9460,2
280220,2
280520,2
13520,2
392450,2
15750,2
741670,2
604240,2
405610,2
583760,2
297760,2
347510,2
200960,2
341190,2
699450,2
233700,2
65710,2
605160,2
375600,2
656600,2
70660,2
415420,2
315840,2
390290,2
207230,2
440730,2
411330,2
331200,2
496890,2
304950,2
442070,2
33100,2
423810,2
281610,2
263360,2
298160,2
629430,2
32380,2
252350,2
731880,2
446480,2
326120,2
676770,2
322300,2
225300,2
397150,2
610360,2
2390,2
62100,2
243000,2
382850,2
383800,2
585410,2
321560,2
24720,2
209830,2
284830,2
412880,2
207170,2
679190,2
20530,2
296770,2
290140,2
415170,2
403120,2
227580,2
233840,2
554600,2
313590,2
213850,2
487700,2
508170,2
13570,2
7860,2
6800,2
403950,2
293260,2
689400,2
313210,2
513780,2
341310,2
12810,2
418160,2
1690,2
365320,2
458830,2
536890,2
262260,2
400160,2
502550,2
605610,2
603880,2
377430,2
365770,2
319970,2
273500,2
345220,2
237890,2
209370,2
499890,2
357340,2
239120,2
313830,2
244810,2
354960,2
363790,2
270050,2
345090,2
412940,2
654690,2
12320,2
568930,2
234330,2
385380,2
315860,2
310470,2
304730,2
438030,2
468560,2
412400,2
435030,2
55000,2
201570,2
685200,2
337630,2
13530,2
355530,2
728870,2
39800,2
13200,2
388060,2
340360,2
271760,2
494740,2
566990,2
247950,2
393530,2
499460,2
239840,2
11370,2
258200,2
292910,2
595140,2
583270,2
653490,2
357900,2
541370,2
312780,2
351910,2
426930,2
6220,2
250620,2
45750,2
248330,2
438180,2
320760,2
554180,2
226560,2
543140,2
292660,2
234390,2
42170,2
3320,2
368160,2
370190,2
415860,2
289090,2
408930,2
549860,2
347290,2
600120,2
575510,2
374280,2
507080,2
513510,2
414190,2
219680,2
227380,2
471550,2
317320,2
379210,2
718650,2
405650,2
524970,2
327670,2
485380,2
702320,2
478980,2
421600,2
231310,2
439490,2
409890,2
297860,2
113020,2
715310,2
500710,2
427250,2
291630,2
241240,2
17510,2
28000,2
492270,2
40400,2
342560,2
342980,2
590280,2
768840,2
676490,2
412620,2
655930,2
446990,2
746910,2
359800,2
363980,2
391580,2
550670,2
653320,2
599750,2
2590,2
555640,2
438680,2
512790,2
327220,2
407940,2
262550,2
701470,2
386970,2
467960,2
646600,2
244450,2
426190,2
443110,2
364940,2
496530,2
22650,2
250500,2
717790,2
555150,2
279160,2
41800,2
427660,2
32330,2
640510,2
496350,2
415920,2
211180,2
543180,2
702200,2
574050,2
459160,2
267610,2
292410,2
31290,2
23530,2
586880,2
6080,2
269030,2
443380,2
29900,2
607400,2
613450,2
477870,2
346440,2
356890,2
620240,2
2620,2
339400,2
263500,2
15170,2
311480,2
283840,2
279440,2
454410,2
354680,2
528160,2
553260,2
421810,2
227260,2
232970,2
688430,2
300080,2
493370,2
351490,2
583890,2
2200,2
368950,2
696460,2
341020,2
342610,2
407620,2
252250,2
403830,2
461840,2
375520,2
502750,2
207420,2
450500,2
532320,2
423950,2
680990,2
242960,2
295690,2
32390,2
722990,2
220900,2
368860,2
568490,2
485980,2
70600,2
224940,2
586140,2
533120,2
508990,2
232050,2
397500,2
317100,2
573040,2
21660,2
207790,2
396790,2
211740,2
470220,2
569970,2
593700,2
458960,2
464470,2
3730,2
609940,2
45100,2
442500,2
398980,2
411560,2
495140,2
407230,2
324190,2
729330,2
238050,2
602430,2
425210,2
298890,2
502520,2
229580,2
492630,2
12900,2
303550,2
446390,2
317410,2
245490,2
269250,2
2640,2
454190,2
230700,2
402120,2
10220,2
17740,2
455400,2
324260,2
91600,2
483850,2
42990,2
438080,2
315660,2
231040,2
22610,2
589530,2
394430,2
452510,2
645090,2
583740,2
680100,2
453750,2
258220,2
80360,2
407810,2
673940,2
225600,2
249680,2
262850,2
23400,2
546080,2
364930,2
663240,2
618720,2
540070,2
238530,2
445230,2
692270,2
20820,2
348950,2
72200,2
314810,2
573770,2
544330,2
303590,2
257030,2
224040,2
679400,2
40300,2
573060,2
671550,2
643810,2
426630,2
330350,2
7600,2
418960,2
263300,2
375330,2
351290,2
427780,2
420740,2
370280,2
433800,2
417890,2
402560,2
461910,2
269050,2
311400,2
726630,2
8240,2
628800,2
204060,2
94000,2
442290,2
301970,2
73210,2
284710,2
339130,2
491130,2
597970,2
508300,2
266190,2
548840,2
284990,2
529700,2
312450,2
372540,2
619280,2
536560,2
310390,2
252010,2
401810,2
610810,2
286770,2
592390,2
449680,2
361280,2
203210,2
405000,2
359810,2
351940,2
33130,2
613730,2
575860,2
634160,2
347430,2
298360,2
343440,2
415910,2
577460,2
414290,2
708260,2
316890,2
619870,2
315600,2
246760,2
290260,2
550470,2
323670,2
598330,2
321800,2
341500,2
287840,2
382140,2
284850,2
329490,2
270810,2
223850,2
351700,2
683600,2
670900,2
201210,2
236150,2
464100,2
23490,2
209730,2
331120,2
99300,2
585790,2
389430,2
244750,2
439340,2
335920,2
437570,2
708800,2
325730,2
709140,2
13250,2
373390,2
365170,2
375910,2
412520,2
448000,2
405540,2
466660,2
633880,2
9350,2
254060,2
250700,2
301560,2
48110,2
310060,2
204080,2
328760,2
351790,2
521350,2
475220,2
645790,2
11280,2
284390,2
298480,2
63910,2
494170,2
305380,2
496980,2
423900,2
498330,2
527280,2
406870,2
10130,2
292420,2
260210,2
613270,2
18500,2
334850,2
418040,2
80330,2
628900,2
340150,2
271820,2
403940,2
296240,2
572300,2
203630,2
284050,2
347620,2
434510,2
340490,2
431260,2
301120,2
232750,2
441280,2
617020,2
719380,2
399820,2
351090,2
227160,2
550210,2
467000,2
306630,2
427910,2
656680,2
754540,2
390730,2
314240,2
253290,2
340520,2
272600,2
29800,2
306410,2
259430,2
384500,2
446270,2
314370,2
237570,2
420790,2
394740,2
294370,2
264520,2
629360,2
265970,2
402160,2
372690,2
360,2
311800,2
325180,2
604500,2
333950,2
371570,2
547820,2
386280,2
539750,2
273840,2
293660,2
690040,2
285840,2
398450,2
1510,2
454100,2
536450,2
215690,2
473810,2
392000,2
398680,2
301190,2
656270,2
339190,2
418910,2
504130,2
50,2
482300,2
217790,2
236470,2
296570,2
9060,2
333260,2
643960,2
266150,2
717640,2
312610,2
349220,2
734120,2
462200,2
457490,2
217750,2
368230,2
287960,2
366250,2
449760,2
220460,2
323450,2
557780,2
485370,2
268540,2
367570,2
215160,2
520600,2
327090,2
277890,2
242840,2
104200,2
423590,2
6310,2
529440,2
279990,2
399120,2
438140,2
207380,2
592260,2
346970,2
656460,2
389850,2
308060,2
571530,2
403900,2
531860,2
284870,2
606730,2
404200,2
73020,2
531780,2
513500,2
278530,2
302690,2
25900,2
522470,2
326670,2
288930,2
454150,2
7260,2
433350,2
417990,2
408960,2
266110,2
562500,2
338120,2
430930,2
656200,2
618950,2
550990,2
13560,2
243160,2
102600,2
92800,2
559340,2
338550,2
668170,2
602510,2
324310,2
623840,2
252690,2
390720,2
297350,2
746570,2
691810,2
355980,2
580150,2
24790,2
410710,2
336240,2
461640,2
438920,2
704040,2
454180,2
662380,2
348710,2
279940,2
569610,2
221810,2
400020,2
270750,2
400240,2
554290,2
72000,2
33610,2
575330,2
57640,2
697680,2
505040,2
359840,2
386990,2
712000,2
222980,2
236930,2
63710,2
622040,2
218740,2
682100,2
304500,2
529890,2
215670,2
706020,2
6200,2
92000,2
527290,2
245450,2
360730,2
361630,2
703840,2
576030,2
626600,2
346140,2
322680,2
279070,2
449050,2
668230,2
690740,2
259410,2
731180,2
327370,2
370060,2
432260,2
288880,2
241410,2
275470,2
469730,2
407420,2
339580,2
291010,2
463390,2
431540,2
386880,2
338140,2
262470,2
23310,2
351710,2
225000,2
522210,2
551110,2
678970,2
359250,2
3990,2
209190,2
281370,2
250560,2
287580,2
667870,2
267750,2
413710,2
601650,2
293680,2
357770,2
378850,2
641980,2
436290,2
235800,2
248710,2
15500,2
369110,2
360550,2
587450,2
282660,2
15620,2
12640,2
591380,2
266130,2
657240,2
448240,2
284950,2
689090,2
253610,2
376520,2
395520,2
410900,2
130,2
521470,2
670290,2
397740,2
482990,2
405370,2
379640,2
466870,2
253530,2
698720,2
357280,2
214550,2
335820,2
676420,2
375680,2
404690,2
244710,2
24670,2
324080,2
496620,2
364690,2
365810,2
731920,2
586960,2
291710,2
402130,2
204240,2
339040,2
2630,2
658510,2
415880,2
463210,2
615780,2
359400,2
327680,2
496340,2
520990,2
643600,2
512490,2
410970,1
470600,1
413230,1
390330,1
600660,1
98200,1
437890,1
370940,1
546070,1
559960,1
328900,1
105420,1
402530,1
343090,1
511630,1
730920,1
416110,1
485000,1
413040,1
46560,1
403560,1
6420,1
261720,1
390220,1
35000,1
594960,1
38700,1
387340,1
411120,1
399430,1
47800,1
222660,1
522040,1
512230,1
321060,1
696140,1
594750,1
17700,1
437720,1
397690,1
428430,1
474820,1
11390,1
756880,1
8200,1
305840,1
266250,1
423760,1
434800,1
346760,1
693670,1
474980,1
552110,1
421470,1
314070,1
501970,1
508760,1
522880,1
533950,1
269290,1
358080,1
427570,1
499210,1
554750,1
291190,1
25700,1
325060,1
703510,1
282760,1
109600,1
23700,1
452350,1
697610,1
603100,1
555580,1
209950,1
397240,1
551080,1
742460,1
314790,1
544730,1
453790,1
427930,1
293220,1
322520,1
410430,1
683830,1
416200,1
541200,1
412660,1
350600,1
92210,1
540020,1
391590,1
367700,1
656140,1
361700,1
366800,1
261880,1
664000,1
265120,1
657740,1
245410,1
656070,1
377870,1
531480,1
709920,1
299780,1
385510,1
458030,1
454250,1
283820,1
363440,1
689040,1
239700,1
428900,1
387640,1
263540,1
453770,1
557810,1
365900,1
290970,1
587400,1
730840,1
343280,1
399140,1
413870,1
336060,1
633440,1
403740,1
294650,1
444000,1
515200,1
438730,1
8800,1
262210,1
262790,1
277460,1
491580,1
396280,1
269690,1
517780,1
306040,1
560170,1
476490,1
392020,1
533170,1
62000,1
63950,1
723820,1
254480,1
375010,1
439730,1
344630,1
485870,1
580040,1
364450,1
447850,1
231060,1
457710,1
588050,1
376250,1
356130,1
418210,1
242980,1
434520,1
235820,1
451570,1
16100,1
340300,1
675450,1
9000,1
336220,1
448160,1
485360,1
277490,1
278810,1
652340,1
294060,1
742630,1
46510,1
16060,1
255920,1
417430,1
384030,1
534780,1
252450,1
481110,1
407120,1
9730,1
284890,1
499140,1
266230,1
710820,1
244630,1
360840,1
651280,1
229520,1
15520,1
307620,1
338980,1
334490,1
440760,1
43000,1
46260,1
426330,1
13580,1
454750,1
513840,1
648750,1
472770,1
41100,1
443330,1
353190,1
331750,1
269570,1
332380,1
314250,1
513450,1
384280,1
264280,1
668730,1
449000,1
547410,1
375710,1
293760,1
340770,1
319250,1
698500,1
562230,1
31170,1
375030,1
263460,1
540100,1
377310,1
324610,1
361670,1
546400,1
501860,1
402430,1
375320,1
37210,1
375750,1
227240,1
538220,1
378580,1
289800,1
4800,1
544970,1
715340,1
359610,1
612520,1
342520,1
619730,1
612670,1
510790,1
564530,1
380920,1
254440,1
408440,1
244910,1
35460,1
509420,1
317040,1
557830,1
285130,1
581030,1
412670,1
684040,1
253050,1
561600,1
376480,1
491530,1
452860,1
481190,1
464530,1
606680,1
385400,1
371550,1
583850,1
387870,1
665120,1
376150,1
46500,1
491080,1
656740,1
307600,1
260750,1
556180,1
467220,1
368800,1
420180,1
575910,1
585080,1
234350,1
457370,1
512180,1
293240,1
699600,1
586240,1
449040,1
360510,1
13230,1
662540,1
17440,1
305800,1
214970,1
628660,1
449470,1
72900,1
432940,1
215120,1
262690,1
496630,1
42210,1
377070,1
325420,1
348300,1
438020,1
684980,1
459350,1
390910,1
757450,1
719180,1
385060,1
398460,1
598350,1
495050,1
586230,1
514660,1
549510,1
503980,1
578930,1
398810,1
377360,1
253490,1
747590,1
710860,1
354600,1
653100,1
327310,1
368650,1
299110,1
677030,1
723620,1
450650,1
591350,1
497080,1
253350,1
622890,1
620340,1
310700,1
203650,1
371330,1
463680,1
424830,1
315080,1
501840,1
440140,1
601930,1
241300,1
498740,1
509570,1
332390,1
334190,1
339290,1
689900,1
589420,1
587000,1
209750,1
377190,1
554530,1
621070,1
398930,1
439700,1
459440,1
251490,1
65790,1
464800,1
704440,1
321410,1
477770,1
654810,1
327930,1
289180,1
396680,1
444970,1
677680,1
377860,1
431810,1
305640,1
447890,1
628570,1
752830,1
323610,1
319270,1
567320,1
347670,1
327520,1
259620,1
269230,1
493730,1
552780,1
281200,1
270330,1
578300,1
539440,1
265330,1
698330,1
393980,1
709450,1
684300,1
731590,1
509240,1
648020,1
208500,1
486820,1
283960,1
42980,1
764010,1
521230,1
11340,1
397870,1
335100,1
398100,1
6980,1
331970,1
521150,1
305960,1
472060,1
331160,1
747910,1
34420,1
552410,1
366440,1
351250,1
362280,1
611800,1
650680,1
307130,1
353940,1
568570,1
710480,1
38430,1
596710,1
703500,1
673430,1
513330,1
264690,1
245730,1
422110,1
214570,1
429690,1
218700,1
451880,1
763930,1
8080,1
717370,1
570370,1
503240,1
444790,1
462440,1
312640,1
2820,1
332620,1
657020,1
316180,1
222440,1
575130,1
389870,1
397090,1
370070,1
730870,1
403430,1
359060,1
257120,1
754130,1
429360,1
468800,1
278620,1
328880,1
592200,1
360640,1
380020,1
438790,1
291130,1
444220,1
219340,1
335790,1
40100,1
502940,1
434930,1
504790,1
269270,1
351320,1
662190,1
655260,1
611530,1
583930,1
519080,1
695350,1
247580,1
536490,1
21130,1
399880,1
581760,1
718010,1
585780,1
375000,1
4720,1
444940,1
283370,1
476530,1
461140,1
650350,1
46440,1
316930,1
321870,1
602890,1
303790,1
319850,1
12500,1
6300,1
259700,1
377970,1
352760,1
656530,1
279800,1
336510,1
360590,1
518660,1
319450,1
353340,1
428440,1
227020,1
458060,1
314520,1
359220,1
627620,1
315740,1
270570,1
492500,1
352140,1
289930,1
592890,1
391600,1
691660,1
396260,1
334210,1
454220,1
578600,1
461210,1
262100,1
354900,1
448320,1
444170,1
293860,1
327740,1
392580,1
44360,1
231740,1
359960,1
626680,1
586310,1
674130,1
449710,1
357720,1
226120,1
234370,1
682970,1
638160,1
491090,1
657120,1
552920,1
688590,1
91900,1
355350,1
409920,1
523790,1
562510,1
557040,1
21010,1
274130,1
510240,1
738880,1
468050,1
353390,1
562520,1
384690,1
582960,1
312360,1
450950,1
398170,1
323720,1
349480,1
276220,1
394850,1
364820,1
45500,1
431290,1
364740,1
596740,1
361560,1
563200,1
620530,1
578430,1
61510,1
55140,1
401800,1
345370,1
586470,1
240440,1
559900,1
357780,1
682170,1
495680,1
278550,1
615180,1
252750,1
352580,1
408640,1
21670,1
337650,1
3170,1
713090,1
414080,1
664750,1
462730,1
408770,1
385860,1
408740,1
389810,1
451600,1
343750,1
58610,1
3810,1
218130,1
745400,1
504490,1
509190,1
525150,1
686690,1
442210,1
264420,1
310850,1
27400,1
289600,1
566240,1
280910,1
694440,1
482920,1
361190,1
227100,1
415740,1
571550,1
107310,1
389650,1
382480,1
586390,1
510520,1
600720,1
228960,1
288040,1
582350,1
230150,1
55110,1
564150,1
546550,1
707280,1
364710,1
32510,1
576660,1
216290,1
308270,1
311250,1
325210,1
407720,1
314010,1
412270,1
416170,1
250660,1
292090,1
332580,1
281410,1
61520,1
761320,1
399780,1
22230,1
753110,1
594680,1
37400,1
207730,1
263820,1
214790,1
457680,1
547310,1
271920,1
585690,1
2420,1
212010,1
315540,1
340810,1
17580,1
250580,1
421030,1
564010,1
438420,1
739260,1
514390,1
506870,1
539340,1
365720,1
368610,1
292760,1
492080,1
316080,1
45730,1
337150,1
402890,1
515980,1
485410,1
408000,1
214250,1
222750,1
578590,1
588100,1
388140,1
332650,1
526920,1
402310,1
229810,1
8230,1
293500,1
384180,1
508960,1
315330,1
672680,1
244050,1
205730,1
458000,1
222730,1
263740,1
6010,1
368980,1
328730,1
325430,1
603810,1
569770,1
603370,1
622870,1
242780,1
407340,1
752220,1
467130,1
535440,1
655470,1
320820,1
209540,1
658050,1
601790,1
111400,1
252910,1
514810,1
306680,1
545100,1
386700,1
251230,1
382350,1
403070,1
770400,1
492150,1
8340,1
359440,1
495720,1
473670,1
340220,1
487350,1
592600,1
1200,1
606860,1
429330,1
466350,1
290650,1
764280,1
492130,1
15390,1
604190,1
521790,1
2920,1
750960,1
598530,1
2910,1
351300,1
390560,1
404530,1
411320,1
521800,1
661950,1
503820,1
556780,1
575580,1
485900,1
15710,1
248530,1
528720,1
259570,1
365020,1
285960,1
465930,1
269990,1
426290,1
39200,1
595430,1
688340,1
349580,1
312350,1
362090,1
508710,1
348020,1
33120,1
307940,1
306550,1
608560,1
666290,1
296150,1
273940,1
234160,1
295750,1
388720,1
338000,1
253940,1
246840,1
234490,1
283020,1
4770,1
546600,1
524250,1
269710,1
497720,1
382570,1
409100,1
334140,1
280600,1
403180,1
367110,1
567000,1
567040,1
317380,1
294670,1
411180,1
542340,1
277680,1
617030,1
367010,1
383580,1
437900,1
94590,1
208670,1
418120,1
661920,1
380660,1
411760,1
322040,1
674310,1
465710,1
349190,1
356310,1
418620,1
350550,1
681170,1
341730,1
70100,1
491620,1
260160,1
534360,1
312150,1
417150,1
314150,1
434020,1
762900,1
429530,1
718370,1
446760,1
329970,1
399230,1
359190,1
691450,1
394120,1
212030,1
467290,1
252390,1
705020,1
216260,1
94300,1
636690,1
354430,1
514340,1
593680,1
19830,1
608110,1
41000,1
501930,1
680690,1
508790,1
588120,1
772540,1
743640,1
603120,1
16710,1
348030,1
258950,1
600930,1
430290,1
726340,1
314180,1
71260,1
403040,1
365350,1
361040,1
347590,1
242130,1
618310,1
349720,1
396090,1
489000,1
61730,1
304410,1
642520,1
294230,1
409000,1
443020,1
228760,1
361130,1
307340,1
40390,1
545890,1
290530,1
338320,1
431250,1
416310,1
330180,1
445750,1
613420,1
46450,1
311770,1
58200,1
450670,1
595740,1
252370,1
413110,1
704510,1
441790,1
375180,1
747190,1
420880,1
532980,1
570050,1
279260,1
527420,1
531960,1
15320,1
619470,1
555660,1
331440,1
623380,1
255390,1
351510,1
253630,1
546980,1
365750,1
448780,1
544600,1
291030,1
480450,1
240600,1
444260,1
390510,1
325860,1
371500,1
328460,1
206480,1
371000,1
283880,1
275810,1
633950,1
63200,1
601130,1
548050,1
718200,1
461710,1
382630,1
470440,1
4530,1
475430,1
589510,1
65780,1
656550,1
490980,1
546380,1
221180,1
723270,1
212780,1
370150,1
477950,1
12690,1
497420,1
405670,1
243040,1
110400,1
293940,1
63500,1
383180,1
6830,1
453820,1
358270,1
255280,1
429720,1
219760,1
388360,1
351800,1
311870,1
416640,1
278570,1
561100,1
712390,1
product_id:token,1
699750,1
396120,1
505560,1
300360,1
394140,1
365190,1
26500,1
336090,1
522570,1
547050,1
294040,1
31910,1
681620,1
383790,1
637410,1
207570,1
254960,1
374900,1
304170,1
251270,1
749650,1
457590,1
343410,1
645260,1
727560,1
2350,1
595320,1
603750,1
688470,1
35480,1
267960,1
391260,1
345240,1
6370,1
418440,1
284770,1
47000,1
369400,1
717720,1
471920,1
310490,1
587790,1
531180,1
586600,1
303880,1
541100,1
358930,1
112100,1
318100,1
387010,1
425410,1
337040,1
449550,1
365270,1
381880,1
329790,1
497860,1
486540,1
476420,1
552030,1
700790,1
592300,1
249360,1
307580,1
274880,1
453990,1
332250,1
676240,1
382120,1
302950,1
260690,1
454510,1
660330,1
497580,1
315610,1
463760,1
454580,1
576980,1
418250,1
465660,1
591910,1
249550,1
409670,1
261700,1
406720,1
311980,1
748110,1
391490,1
6920,1
46770,1
463050,1
451400,1
532770,1
202070,1
596140,1
412310,1
449300,1
431840,1
265750,1
643880,1
585710,1
433280,1
243780,1
278440,1
548370,1
707720,1
216890,1
514400,1
448670,1
527760,1
334370,1
634120,1
344910,1
292930,1
286360,1
421060,1
245050,1
525290,1
65530,1
285800,1
473610,1
647530,1
314500,1
286200,1
235320,1
394700,1
569410,1
363420,1
252150,1
603190,1
277470,1
280040,1
253390,1
556260,1
352950,1
371010,1
433840,1
416630,1
375310,1
314420,1
683280,1
467330,1
530040,1
655550,1
749050,1
765320,1
91200,1
207250,1
501990,1
393410,1
300840,1
682660,1
439530,1
338050,1
111900,1
642890,1
559680,1
418610,1
728440,1
340960,1
416040,1
544140,1
385490,1
470890,1
233350,1
478010,1
453690,1
237350,1
461970,1
8300,1
299070,1
500580,1
389740,1
535980,1
661000,1
350780,1
215790,1
339590,1
287920,1
325110,1
72400,1
466010,1
312230,1
388120,1
7730,1
429600,1
595680,1
726000,1
443830,1
333510,1
675460,1
454070,1
65300,1
286120,1
394680,1
315060,1
251690,1
667070,1
342620,1
543870,1
441670,1
289380,1
553820,1
544650,1
412460,1
410210,1
629440,1
299500,1
108110,1
524600,1
47700,1
578350,1
560720,1
436140,1
715370,1
40420,1
555400,1
266370,1
613390,1
743940,1
226620,1
614030,1
342350,1
406650,1
110600,1
409870,1
408650,1
382050,1
392260,1
243220,1
63000,1
271670,1
588010,1
341090,1
354650,1
710610,1
504800,1
448480,1
258090,1
330420,1
423770,1
529240,1
476920,1
337820,1
278420,1
612620,1
301750,1
3330,1
16030,1
27020,1
696560,1
654900,1
445870,1
345010,1
416670,1
545980,1
65610,1
406130,1
330990,1
266980,1
219190,1
215930,1
738640,1
222640,1
630310,1
428920,1
325880,1
299680,1
699940,1
414920,1
626640,1
218640,1
3460,1
3390,1
595550,1
510650,1
3430,1
598700,1
466420,1
572520,1
658570,1
759800,1
721430,1
307010,1
324520,1
351860,1
383630,1
296630,1
387400,1
18000,1
3380,1
577700,1
315070,1
628870,1
763010,1
525630,1
306490,1
203350,1
460970,1
574160,1
677020,1
266310,1
57600,1
614950,1
23300,1
548320,1
464360,1
454330,1
320520,1
361850,1
385080,1
321150,1
536770,1
426210,1
656450,1
310890,1
651560,1
479260,1
463040,1
586280,1
431560,1
536660,1
438430,1
461760,1
737690,1
216110,1
744720,1
396590,1
39650,1
700570,1
319470,1
244950,1
516790,1
341820,1
350770,1
336420,1
32620,1
529780,1
486360,1
322210,1
1640,1
233310,1
485760,1
421630,1
450440,1
661810,1
486130,1
550390,1
453310,1
6510,1
662330,1
40980,1
710520,1
292880,1
760210,1
349790,1
259890,1
530860,1
365080,1
763870,1
467270,1
303870,1
202200,1
373970,1
505730,1
287120,1
280640,1
716110,1
341890,1
581120,1
460940,1
288020,1
574500,1
342510,1
643870,1
293740,1
749990,1
394450,1
344890,1
691630,1
312560,1
366260,1
485830,1
301610,1
474790,1
338350,1
641950,1
766850,1
352130,1
209060,1
458420,1
318020,1
716070,1
731410,1
566410,1
613470,1
612310,1
443970,1
408990,1
11330,1
605530,1
415840,1
455340,1
397190,1
605990,1
348440,1
454530,1
354400,1
496540,1
600340,1
592340,1
209100,1
70420,1
613860,1
358350,1
253190,1
660280,1
486480,1
275830,1
349700,1
336610,1
327640,1
421260,1
366890,1
468070,1
429280,1
340320,1
705470,1
371100,1
398920,1
661430,1
497400,1
529770,1
677220,1
385940,1
519990,1
628610,1
555940,1
447310,1
599090,1
428950,1
373670,1
684680,1
105000,1
493980,1
321190,1
736860,1
731870,1
707610,1
259190,1
622020,1
655100,1
631920,1
431680,1
11140,1
673760,1
699480,1
25600,1
450290,1
341690,1
4420,1
355150,1
406090,1
294810,1
501950,1
286240,1
755600,1
483820,1
432720,1
573660,1
257260,1
328500,1
747790,1
278890,1
32150,1
298140,1
651340,1
710460,1
263640,1
489470,1
371210,1
385070,1
333730,1
202730,1
400180,1
95700,1
410840,1
304460,1
374400,1
500190,1
440740,1
300760,1
259870,1
288970,1
388680,1
417680,1
395930,1
650220,1
530400,1
282210,1
7210,1
264320,1
552900,1
659940,1
535890,1
606480,1
292990,1
398640,1
220260,1
629840,1
289620,1
398840,1
249190,1
324470,1
686740,1
267920,1
282620,1
681980,1
397160,1
432230,1
690560,1
332480,1
345990,1
404580,1
553660,1
381260,1
264560,1
15240,1
339910,1
378270,1
553020,1
22670,1
556230,1
402340,1
604780,1
283290,1
680980,1
269810,1
448170,1
372080,1
755150,1
710270,1
523660,1
437730,1
633130,1
342640,1
340990,1
622810,1
269110,1
582620,1
365800,1
345130,1
673480,1
19500,1
333430,1
704010,1
298400,1
542660,1
462680,1
389220,1
46270,1
439310,1
326520,1
485450,1
213030,1
673300,1
667960,1
111800,1
436000,1
350310,1
558110,1
670500,1
510320,1
9940,1
591560,1
644710,1
612170,1
99910,1
229480,1
712010,1
370560,1
463430,1
491420,1
602930,1
255420,1
265990,1
406850,1
415350,1
403010,1
664180,1
399790,1
423550,1
729970,1
243200,1
41900,1
416450,1
510510,1
280680,1
15270,1
513530,1
669630,1
681910,1
568780,1
554660,1
673360,1
403090,1
375530,1
719640,1
750210,1
498570,1
231140,1
381900,1
251110,1
600750,1
200370,1
299260,1
223410,1
628890,1
575950,1
374830,1
260040,1
12560,1
3620,1
394030,1
470780,1
769690,1
338800,1
491330,1
457600,1
561010,1
679270,1
463160,1
405950,1
264540,1
269590,1
10110,1
396480,1
476240,1
371510,1
39540,1
234920,1
413030,1
608390,1
24640,1
677720,1
109200,1
403410,1
709220,1
284750,1
470270,1
377760,1
392950,1
319550,1
342150,1
736390,1
545742,1
534200,1
685420,1
512450,1
317940,1
657900,1
684170,1
449090,1
431700,1
15300,1
582810,1
47540,1
264220,1
334070,1
432370,1
681800,1
436510,1
439720,1
527740,1
619350,1
271360,1
544180,1
404100,1
447200,1
298280,1
552330,1
301650,1
622060,1
409290,1
672460,1
209390,1
385360,1
568320,1
16130,1
412230,1
341980,1
293920,1
685300,1
547730,1
223810,1
614770,1
332270,1
657050,1
461830,1
310810,1
12430,1
255070,1
476360,1
581640,1
326380,1
521990,1
394600,1
634180,1
325120,1
260330,1
459610,1
1280,1
342020,1
493540,1
242570,1
448400,1
443420,1
616880,1
262000,1
403400,1
235720,1
736710,1
299540,1
335660,1
358770,1
382380,1
396310,1
33650,1
463070,1
270910,1
477730,1
394290,1
449520,1
248800,1
277650,1
598810,1
756600,1
358960,1
428200,1
492370,1
564750,1
748890,1
431640,1
486170,1
300320,1
48950,1
212700,1
432270,1
382080,1
238750,1
649640,1
493060,1
604170,1
208520,1
352700,1
355060,1
362350,1
633600,1
714240,1
42500,1
313140,1
277870,1
651470,1
542430,1
483950,1
437380,1
314120,1
529160,1
685370,1
496590,1
448720,1
608470,1
430020,1
360620,1
369030,1
341290,1
444160,1
595770,1
487330,1
273620,1
11190,1
342360,1
268400,1
674960,1
115120,1
352170,1
243450,1
341530,1
472680,1
545330,1
715470,1
263020,1
723790,1
654910,1
335200,1
356200,1
473530,1
746490,1
207750,1
589870,1
650570,1
428510,1
504390,1
284140,1
537200,1
555370,1
444480,1
366240,1
763230,1
20540,1
381560,1
722760,1
694500,1
432470,1
381610,1
437030,1
661740,1
348470,1
257830,1
348200,1
635790,1
463020,1
337890,1
603790,1
251510,1
404820,1
491070,1
713940,1
476020,1
668280,1
507740,1
246800,1
665890,1
217140,1
339240,1
757040,1
625010,1
528200,1
370080,1
384000,1
669660,1
755940,1
431510,1
318230,1
339230,1
292630,1
586680,1
292330,1
393150,1
562670,1
539720,1
235780,1
288790,1
485150,1
281260,1
275570,1
414660,1
290280,1
614910,1
598470,1
310740,1
351480,1
563430,1
249950,1
550310,1
690510,1
465650,1
628490,1
288830,1
258760,1
411600,1
303430,1
234940,1
346560,1
377080,1
514890,1
368680,1
322080,1
554510,1
292180,1
487160,1
235360,1
628420,1
728420,1
321480,1
42890,1
373860,1
436150,1
457820,1
292480,1
395600,1
218820,1
412730,1
448560,1
721760,1
493180,1
448580,1
247910,1
65740,1
354380,1
269350,1
655370,1
257730,1
293880,1
425220,1
258590,1
46750,1
657990,1
707380,1
397680,1
353280,1
629000,1
625990,1
335150,1
300580,1
677300,1
498940,1
403780,1
380810,1
725040,1
246070,1
491670,1
322750,1
491350,1
732950,1
674040,1
277390,1
566050,1
425670,1
6030,1
19930,1
640210,1
533480,1
543010,1
494460,1
356070,1
307290,1
578900,1
362860,1
357330,1
420000,1
211360,1
493080,1
463460,1
356530,1
203510,1
262590,1
2370,1
656490,1
582890,1
693210,1
410990,1
317710,1
545650,1
575470,1
92700,1
3230,1
506500,1
508600,1
363510,1
393660,1
508740,1
267600,1
307640,1
706130,1
494100,1
529450,1
251170,1
383780,1
21780,1
8320,1
407320,1
395940,1
576480,1
574740,1
262490,1
738610,1
725500,1
636150,1
345540,1
477140,1
368250,1
439900,1
334260,1
308173,1
236130,1
300260,1
448440,1
737490,1
562010,1
473740,1
629380,1
298930,1
342570,1
654010,1
8400,1
761160,1
368640,1
265590,1
227760,1
462990,1
565340,1
207320,1
227800,1
468250,1
663370,1
562160,1
532110,1
200020,1
545060,1
19030,1
505550,1
653280,1
635880,1
65600,1
17730,1
560050,1
728050,1
373750,1
92220,1
567290,1
352240,1
299340,1
517790,1
262390,1
653940,1
314970,1
761660,1
34190,1
589190,1
576320,1
43600,1
394220,1
253510,1
463880,1
363360,1
414720,1
536040,1
629690,1
239720,1
463030,1
554570,1
286280,1
322920,1
580590,1
505210,1
527440,1
390610,1
681780,1
745120,1
489370,1
527920,1
524850,1
379530,1
284180,1
384980,1
406310,1
364270,1
350880,1
707590,1
719610,1
6040,1
252550,1
206690,1
285500,1
361620,1
623880,1
415610,1
207400,1
597520,1
665440,1
508670,1
689520,1
385590,1
359630,1
410340,1
548680,1
755890,1
405780,1
446000,1
348960,1
47400,1
357690,1
280360,1
407020,1
465900,1
3600,1
708340,1
398000,1
435970,1
731230,1
691730,1
211070,1
360870,1
449220,1
250380,1
514780,1
585290,1
449330,1
628130,1
567810,1
726070,1
529760,1
491770,1
444590,1
610500,1
346830,1
400660,1
267220,1
333760,1
235250,1
650110,1
521580,1
715440,1
444420,1
257970,1
623310,1
400790,1
340650,1
617230,1
545720,1
246700,1
334560,1
447780,1
656400,1
513340,1
542720,1
278590,1
315650,1
278970,1
269310,1
333990,1
39640,1
563340,1
601180,1
495580,1
378420,1
451140,1
490390,1
328940,1
594810,1
356050,1
33680,1
252290,1
436560,1
38420,1
298180,1
10100,1
437250,1
458680,1
55370,1
32140,1
359350,1
331870,1
428610,1
448520,1
532950,1
15740,1
372210,1
253900,1
586750,1
348460,1
584100,1
250520,1
335330,1
434740,1
328440,1
681330,1
295610,1
425820,1
336930,1
674330,1
445840,1
450590,1
467780,1
610660,1
434480,1
342490,1
554150,1
600900,1
378770,1
307760,1
259910,1
368590,1
579950,1
537360,1
641780,1
449700,1
681100,1
104000,1
324750,1
485790,1
698830,1
603130,1
366640,1
655130,1
248630,1
448250,1
366040,1
227560,1
364390,1
556820,1
622170,1
418300,1
543240,1
4300,1
314560,1
255340,1
409910,1
626550,1
564050,1
494360,1
427700,1
562660,1
711210,1
438560,1
255320,1
631990,1
410540,1
506260,1
603800,1
342300,1
684270,1
7620,1
463800,1
635410,1
441550,1
457730,1
626450,1
317840,1
549770,1
465280,1
321920,1
722810,1
218060,1
540060,1
534010,1
386650,1
427490,1
682130,1
661820,1
277430,1
585260,1
444770,1
699360,1
723500,1
322630,1
593070,1
499070,1
259170,1
550600,1
716630,1
526880,1
329460,1
452450,1
408920,1
643830,1
525610,1
550580,1
443880,1
548290,1
504400,1
645460,1
531930,1
731580,1
444690,1
382420,1
301690,1
396660,1
277930,1
319560,1
383700,1
44340,1
547540,1
316600,1
459090,1
325520,1
49810,1
251370,1
405500,1
45400,1
15310,1
337350,1
92300,1
501900,1
733070,1
596970,1
351140,1
359230,1
467210,1
99700,1
431410,1
425300,1
426690,1
435600,1
423890,1
679660,1
454420,1
575750,1
220824,1
337290,1
620200,1
593290,1
466070,1
415590,1
225420,1
251430,1
425650,1
214830,1
337880,1
316390,1
541670,1
20710,1
708890,1
465760,1
227780,1
528090,1
251450,1
283920,1
724350,1
366160,1
458380,1
373440,1
302060,1
244890,1
505750,1
297920,1
579940,1
275490,1
397830,1
302210,1
8210,1
366180,1
242110,1
343560,1
38210,1
386900,1
445310,1
220740,1
7110,1
45720,1
552130,1
434210,1
545630,1
431910,1
600890,1
675720,1
370590,1
