i,split,status,source,aligned,alignment,cost,gt,aligned_gt,dataset_time,align_time,automata_learning_time,use_cache,determinism,model,dataset,pop_size,generations,halloffame_ratio,allowed_mutations,timestamp
0,"(None, 5, 3)",bad,"2720,365,1634,1229,140,351,1664,160,1534,1233,618,267,2490,213,2483,89,273,665,352,222,2265,2612,429,2492,2827,532,1002,202,821,1615,1284,830,176,1116,2626,23,415,1988,694,133,1536,510,290,152,204,1034,1273,289,462,165","2720,365,1634,1229,140,351,1664,160,1534,1233,618,267,2490,213,2483,89,273,665,352,222,2265,2612,429,2492,2827,532,1002,202,821,1615,1284,830,176,1116,2626,23,415,1988,694,133,1536,510,290,152,204,1034,1297,289,462,165","sync_2720,sync_365,sync_1634,sync_1229,sync_140,sync_351,sync_1664,sync_160,sync_1534,sync_1233,sync_618,sync_267,sync_2490,sync_213,sync_2483,sync_89,sync_273,sync_665,sync_352,sync_222,sync_2265,sync_2612,sync_429,sync_2492,sync_2827,sync_532,sync_1002,sync_202,sync_821,sync_1615,sync_1284,sync_830,sync_176,sync_1116,sync_2626,sync_23,sync_415,sync_1988,sync_694,sync_133,sync_1536,sync_510,sync_290,sync_152,sync_204,sync_1034,add_1297,del_1273,sync_289,sync_462,sync_165",2,521,521,52.86531400680542,152.57472205162048,1.8494019508361816,False,True,BERT4Rec,ml-1m,2048,10,0.2,"('replace', 'swap', 'add', 'delete', 'shuffle', 'reverse')","Thu, 28 Nov 2024 11:17:27"
0,"(None, 5, 0)",bad,"2720,365,1634,1229,140,351,1664,160,1534,1233,618,267,2490,213,2483,89,273,665,352,222,2265,2612,429,2492,2827,532,1002,202,821,1615,1284,830,176,1116,2626,23,415,1988,694,133,1536,510,290,152,204,1034,1273,289,462,165","2720,365,1634,1229,140,351,1664,160,1534,1233,618,267,2490,213,2483,89,273,665,352,222,2265,2612,429,2492,2827,532,1002,202,821,1615,1284,830,176,1116,2626,23,415,1988,694,133,1536,510,290,152,204,1034,1273,289,462,866","sync_2720,sync_365,sync_1634,sync_1229,sync_140,sync_351,sync_1664,sync_160,sync_1534,sync_1233,sync_618,sync_267,sync_2490,sync_213,sync_2483,sync_89,sync_273,sync_665,sync_352,sync_222,sync_2265,sync_2612,sync_429,sync_2492,sync_2827,sync_532,sync_1002,sync_202,sync_821,sync_1615,sync_1284,sync_830,sync_176,sync_1116,sync_2626,sync_23,sync_415,sync_1988,sync_694,sync_133,sync_1536,sync_510,sync_290,sync_152,sync_204,sync_1034,sync_1273,sync_289,sync_462,del_165,add_866",2,521,521,52.86531400680542,681.3818082809448,1.8152661323547363,False,True,BERT4Rec,ml-1m,2048,10,0.2,"('replace', 'swap', 'add', 'delete', 'shuffle', 'reverse')","Thu, 28 Nov 2024 11:17:27"
1,"(None, 5, 3)",bad,"713,1624,415,2044,391,610,727,38,1046,1863,723,756,427,1738,1645,2142,609,1461,633,12,2,36,422,1796,420,26,1254,630,1462,339,986,1922,1629,1284,1535,1492,961,1583,849,666,1527,1458,662,560,1093,670,421,1450,536,719","713,1624,415,2044,391,610,727,38,1046,1863,723,756,427,1738,1645,2142,609,1461,633,12,2,36,422,1796,420,26,1254,630,1462,339,986,1922,1629,1284,1535,1492,961,1583,849,666,1527,1458,662,560,1093,670,428,1450,536,719","sync_713,sync_1624,sync_415,sync_2044,sync_391,sync_610,sync_727,sync_38,sync_1046,sync_1863,sync_723,sync_756,sync_427,sync_1738,sync_1645,sync_2142,sync_609,sync_1461,sync_633,sync_12,sync_2,sync_36,sync_422,sync_1796,sync_420,sync_26,sync_1254,sync_630,sync_1462,sync_339,sync_986,sync_1922,sync_1629,sync_1284,sync_1535,sync_1492,sync_961,sync_1583,sync_849,sync_666,sync_1527,sync_1458,sync_662,sync_560,sync_1093,sync_670,del_421,add_428,sync_1450,sync_536,sync_719",2,10,10,53.65839600563049,400.9164550304413,1.651756763458252,False,True,BERT4Rec,ml-1m,2048,10,0.2,"('replace', 'swap', 'add', 'delete', 'shuffle', 'reverse')","Thu, 28 Nov 2024 11:17:27"
1,"(None, 5, 0)",good,"713,1624,415,2044,391,610,727,38,1046,1863,723,756,427,1738,1645,2142,609,1461,633,12,2,36,422,1796,420,26,1254,630,1462,339,986,1922,1629,1284,1535,1492,961,1583,849,666,1527,1458,662,560,1093,670,421,1450,536,719","713,1624,415,2044,391,610,727,38,1046,1863,723,756,427,1738,1645,2142,609,1461,633,12,2,36,422,1796,420,26,1254,630,1462,339,986,1922,1629,1284,1535,1492,961,1583,849,666,1527,1458,662,560,1093,670,421,1450,536,1559","sync_713,sync_1624,sync_415,sync_2044,sync_391,sync_610,sync_727,sync_38,sync_1046,sync_1863,sync_723,sync_756,sync_427,sync_1738,sync_1645,sync_2142,sync_609,sync_1461,sync_633,sync_12,sync_2,sync_36,sync_422,sync_1796,sync_420,sync_26,sync_1254,sync_630,sync_1462,sync_339,sync_986,sync_1922,sync_1629,sync_1284,sync_1535,sync_1492,sync_961,sync_1583,sync_849,sync_666,sync_1527,sync_1458,sync_662,sync_560,sync_1093,sync_670,sync_421,sync_1450,sync_536,add_1559,del_719",2,10,744,53.65839600563049,476.05780506134033,1.622697830200195,False,True,BERT4Rec,ml-1m,2048,10,0.2,"('replace', 'swap', 'add', 'delete', 'shuffle', 'reverse')","Thu, 28 Nov 2024 11:17:27"
2,"(None, 5, 3)",good,"154,799,1341,65,172,214,184,536,1463,598,274,1510,1034,207,540,412,2475,1616,244","154,799,1341,65,172,214,184,536,1463,598,274,3555,1510,1034,207,540,2475,1616,244,-1,-1,-1,-1,-1,-1,-1,-1,-1,-1,-1,-1,-1,-1,-1,-1,-1,-1,-1,-1,-1,-1,-1,-1,-1,-1,-1,-1,-1,-1,-1","sync_154,sync_799,sync_1341,sync_65,sync_172,sync_214,sync_184,sync_536,sync_1463,sync_598,sync_274,add_3555,sync_1510,sync_1034,sync_207,sync_540,del_412,sync_2475,sync_1616,sync_244",2,135,771,47.462509870529175,318.8692629337311,2.470810890197754,False,True,BERT4Rec,ml-1m,2048,10,0.2,"('replace', 'swap', 'add', 'delete', 'shuffle', 'reverse')","Thu, 28 Nov 2024 11:17:27"
2,"(None, 5, 0)",good,"154,799,1341,65,172,214,184,536,1463,598,274,1510,1034,207,540,412,2475,1616,244","154,799,1341,65,172,214,184,536,1463,598,274,1510,1034,207,3555,540,412,2475,1616,-1,-1,-1,-1,-1,-1,-1,-1,-1,-1,-1,-1,-1,-1,-1,-1,-1,-1,-1,-1,-1,-1,-1,-1,-1,-1,-1,-1,-1,-1,-1","sync_154,sync_799,sync_1341,sync_65,sync_172,sync_214,sync_184,sync_536,sync_1463,sync_598,sync_274,sync_1510,sync_1034,sync_207,add_3555,sync_540,sync_412,sync_2475,sync_1616,del_244",2,135,171,47.462509870529175,319.78016567230225,2.2594211101531982,False,True,BERT4Rec,ml-1m,2048,10,0.2,"('replace', 'swap', 'add', 'delete', 'shuffle', 'reverse')","Thu, 28 Nov 2024 11:17:27"
0,"(None, 5, 3)",bad,"2720,365,1634,1229,140,351,1664,160,1534,1233,618,267,2490,213,2483,89,273,665,352,222,2265,2612,429,2492,2827,532,1002,202,821,1615,1284,830,176,1116,2626,23,415,1988,694,133,1536,510,290,152,204,1034,1273,289,462,165","2720,365,1634,1229,140,351,1664,160,1534,1233,618,267,2490,213,2483,89,273,665,352,222,2265,2612,429,2492,2827,532,1002,202,821,1615,1284,830,176,1116,2626,23,415,1988,694,133,1536,510,290,152,204,1034,1297,289,462,165","sync_2720,sync_365,sync_1634,sync_1229,sync_140,sync_351,sync_1664,sync_160,sync_1534,sync_1233,sync_618,sync_267,sync_2490,sync_213,sync_2483,sync_89,sync_273,sync_665,sync_352,sync_222,sync_2265,sync_2612,sync_429,sync_2492,sync_2827,sync_532,sync_1002,sync_202,sync_821,sync_1615,sync_1284,sync_830,sync_176,sync_1116,sync_2626,sync_23,sync_415,sync_1988,sync_694,sync_133,sync_1536,sync_510,sync_290,sync_152,sync_204,sync_1034,add_1297,del_1273,sync_289,sync_462,sync_165",2,521,521,52.84942412376404,54.21057891845703,1.9480299949645996,False,True,BERT4Rec,ml-1m,2048,10,0.2,"('replace', 'swap', 'add', 'delete', 'shuffle', 'reverse')","Thu, 28 Nov 2024 12:01:52"
0,"(None, 5, 0)",bad,"2720,365,1634,1229,140,351,1664,160,1534,1233,618,267,2490,213,2483,89,273,665,352,222,2265,2612,429,2492,2827,532,1002,202,821,1615,1284,830,176,1116,2626,23,415,1988,694,133,1536,510,290,152,204,1034,1273,289,462,165","2720,365,1634,1229,140,351,1664,160,1534,1233,618,267,2490,213,2483,89,273,665,352,222,2265,2612,429,2492,2827,532,1002,202,821,1615,1284,830,176,1116,2626,23,415,1988,694,133,1536,510,290,152,204,1034,1273,289,462,866","sync_2720,sync_365,sync_1634,sync_1229,sync_140,sync_351,sync_1664,sync_160,sync_1534,sync_1233,sync_618,sync_267,sync_2490,sync_213,sync_2483,sync_89,sync_273,sync_665,sync_352,sync_222,sync_2265,sync_2612,sync_429,sync_2492,sync_2827,sync_532,sync_1002,sync_202,sync_821,sync_1615,sync_1284,sync_830,sync_176,sync_1116,sync_2626,sync_23,sync_415,sync_1988,sync_694,sync_133,sync_1536,sync_510,sync_290,sync_152,sync_204,sync_1034,sync_1273,sync_289,sync_462,del_165,add_866",2,521,521,52.84942412376404,230.67484712600708,1.753627061843872,False,True,BERT4Rec,ml-1m,2048,10,0.2,"('replace', 'swap', 'add', 'delete', 'shuffle', 'reverse')","Thu, 28 Nov 2024 12:01:52"
1,"(None, 5, 3)",bad,"713,1624,415,2044,391,610,727,38,1046,1863,723,756,427,1738,1645,2142,609,1461,633,12,2,36,422,1796,420,26,1254,630,1462,339,986,1922,1629,1284,1535,1492,961,1583,849,666,1527,1458,662,560,1093,670,421,1450,536,719","713,1624,415,2044,391,610,727,38,1046,1863,723,756,427,1738,1645,2142,609,1461,633,12,2,36,422,1796,420,26,1254,630,1462,339,986,1922,1629,1284,1535,1492,961,1583,849,666,1527,1458,662,560,1093,670,428,1450,536,719","sync_713,sync_1624,sync_415,sync_2044,sync_391,sync_610,sync_727,sync_38,sync_1046,sync_1863,sync_723,sync_756,sync_427,sync_1738,sync_1645,sync_2142,sync_609,sync_1461,sync_633,sync_12,sync_2,sync_36,sync_422,sync_1796,sync_420,sync_26,sync_1254,sync_630,sync_1462,sync_339,sync_986,sync_1922,sync_1629,sync_1284,sync_1535,sync_1492,sync_961,sync_1583,sync_849,sync_666,sync_1527,sync_1458,sync_662,sync_560,sync_1093,sync_670,del_421,add_428,sync_1450,sync_536,sync_719",2,10,10,52.77416801452637,158.30394315719604,1.5378398895263672,False,True,BERT4Rec,ml-1m,2048,10,0.2,"('replace', 'swap', 'add', 'delete', 'shuffle', 'reverse')","Thu, 28 Nov 2024 12:01:52"
1,"(None, 5, 0)",good,"713,1624,415,2044,391,610,727,38,1046,1863,723,756,427,1738,1645,2142,609,1461,633,12,2,36,422,1796,420,26,1254,630,1462,339,986,1922,1629,1284,1535,1492,961,1583,849,666,1527,1458,662,560,1093,670,421,1450,536,719","713,1624,415,2044,391,610,727,38,1046,1863,723,756,427,1738,1645,2142,609,1461,633,12,2,36,422,1796,420,26,1254,630,1462,339,986,1922,1629,1284,1535,1492,961,1583,849,666,1527,1458,662,560,1093,670,421,1450,536,1559","sync_713,sync_1624,sync_415,sync_2044,sync_391,sync_610,sync_727,sync_38,sync_1046,sync_1863,sync_723,sync_756,sync_427,sync_1738,sync_1645,sync_2142,sync_609,sync_1461,sync_633,sync_12,sync_2,sync_36,sync_422,sync_1796,sync_420,sync_26,sync_1254,sync_630,sync_1462,sync_339,sync_986,sync_1922,sync_1629,sync_1284,sync_1535,sync_1492,sync_961,sync_1583,sync_849,sync_666,sync_1527,sync_1458,sync_662,sync_560,sync_1093,sync_670,sync_421,sync_1450,sync_536,add_1559,del_719",2,10,744,52.77416801452637,197.06052494049072,1.5017318725585938,False,True,BERT4Rec,ml-1m,2048,10,0.2,"('replace', 'swap', 'add', 'delete', 'shuffle', 'reverse')","Thu, 28 Nov 2024 12:01:52"
2,"(None, 5, 3)",good,"154,799,1341,65,172,214,184,536,1463,598,274,1510,1034,207,540,412,2475,1616,244","154,799,1341,65,172,214,184,536,1463,598,274,2448,1357,1909,540,412,2475,1616,244,-1,-1,-1,-1,-1,-1,-1,-1,-1,-1,-1,-1,-1,-1,-1,-1,-1,-1,-1,-1,-1,-1,-1,-1,-1,-1,-1,-1,-1,-1,-1","sync_154,sync_799,sync_1341,sync_65,sync_172,sync_214,sync_184,sync_536,sync_1463,sync_598,sync_274,add_2448,del_1510,add_1357,del_1034,add_1909,del_207,sync_540,sync_412,sync_2475,sync_1616,sync_244",6,135,105,49.07329416275024,143.02828097343445,2.572295904159546,False,True,BERT4Rec,ml-1m,2048,10,0.2,"('replace', 'swap', 'add', 'delete', 'shuffle', 'reverse')","Thu, 28 Nov 2024 12:01:52"
2,"(None, 5, 0)",good,"154,799,1341,65,172,214,184,536,1463,598,274,1510,1034,207,540,412,2475,1616,244","154,799,1341,65,172,214,184,536,1463,598,274,1510,1034,207,2448,3495,2475,1616,244,-1,-1,-1,-1,-1,-1,-1,-1,-1,-1,-1,-1,-1,-1,-1,-1,-1,-1,-1,-1,-1,-1,-1,-1,-1,-1,-1,-1,-1,-1,-1","sync_154,sync_799,sync_1341,sync_65,sync_172,sync_214,sync_184,sync_536,sync_1463,sync_598,sync_274,sync_1510,sync_1034,sync_207,add_2448,del_540,add_3495,del_412,sync_2475,sync_1616,sync_244",4,135,105,49.07329416275024,145.69336009025574,2.357158899307251,False,True,BERT4Rec,ml-1m,2048,10,0.2,"('replace', 'swap', 'add', 'delete', 'shuffle', 'reverse')","Thu, 28 Nov 2024 12:01:52"
3,"(None, 5, 3)",bad,"207,382,771,1622,200,178,135,316,1309,185,23,866,2495,724,1121,1493,649,697,1652,2456,1664,634,548,1595,97,45,612,999,744,78,749,377,715,990,991,616,1009,1006,734,539,65,323,971,677,1004,587,841,1475,656,295","207,382,771,1622,200,178,135,316,1309,185,23,866,2495,724,1121,1493,649,697,1652,2456,1664,634,548,1595,97,45,612,999,744,78,749,377,715,990,991,616,1009,1006,734,539,65,323,971,677,1004,587,459,1475,656,295","sync_207,sync_382,sync_771,sync_1622,sync_200,sync_178,sync_135,sync_316,sync_1309,sync_185,sync_23,sync_866,sync_2495,sync_724,sync_1121,sync_1493,sync_649,sync_697,sync_1652,sync_2456,sync_1664,sync_634,sync_548,sync_1595,sync_97,sync_45,sync_612,sync_999,sync_744,sync_78,sync_749,sync_377,sync_715,sync_990,sync_991,sync_616,sync_1009,sync_1006,sync_734,sync_539,sync_65,sync_323,sync_971,sync_677,sync_1004,sync_587,add_459,del_841,sync_1475,sync_656,sync_295",2,1004,1004,54.28779578208923,48.677159786224365,1.4759008884429932,False,True,BERT4Rec,ml-1m,2048,10,0.2,"('replace', 'swap', 'add', 'delete', 'shuffle', 'reverse')","Thu, 28 Nov 2024 12:01:52"
3,"(None, 5, 0)",good,"207,382,771,1622,200,178,135,316,1309,185,23,866,2495,724,1121,1493,649,697,1652,2456,1664,634,548,1595,97,45,612,999,744,78,749,377,715,990,991,616,1009,1006,734,539,65,323,971,677,1004,587,841,1475,656,295","207,382,771,1622,200,178,135,316,1309,185,23,866,2495,724,1121,1493,649,697,1652,2456,1664,634,548,1595,97,45,612,999,744,78,749,377,715,990,991,616,1009,1006,734,539,65,323,971,677,1004,587,841,1475,656,2429","sync_207,sync_382,sync_771,sync_1622,sync_200,sync_178,sync_135,sync_316,sync_1309,sync_185,sync_23,sync_866,sync_2495,sync_724,sync_1121,sync_1493,sync_649,sync_697,sync_1652,sync_2456,sync_1664,sync_634,sync_548,sync_1595,sync_97,sync_45,sync_612,sync_999,sync_744,sync_78,sync_749,sync_377,sync_715,sync_990,sync_991,sync_616,sync_1009,sync_1006,sync_734,sync_539,sync_65,sync_323,sync_971,sync_677,sync_1004,sync_587,sync_841,sync_1475,sync_656,add_2429,del_295",2,1004,605,54.28779578208923,198.97043204307556,1.3951222896575928,False,True,BERT4Rec,ml-1m,2048,10,0.2,"('replace', 'swap', 'add', 'delete', 'shuffle', 'reverse')","Thu, 28 Nov 2024 12:01:52"
4,"(None, 5, 3)",good,"755,87,1008,1842,1191,1725,2014,1251,760,1838,606,1716,108,1260,1210,1327,1723,565,1064,1724,134,1727,967,1134,2017,879,955,1656,1185,2783,1715,1190,2165,1837,1054,2959,1720,1030,1096,1990,1243,1979,627,2674,1049,2021,2976,3366,935,1058","755,87,1008,1842,1191,1725,2014,1251,760,1838,606,1716,108,1260,1210,1327,1723,565,1064,1724,134,1727,967,1134,2017,879,955,1656,1185,2783,1715,1190,2165,1837,1054,2959,1720,1030,1096,1990,1243,1979,627,2674,1049,2021,3021,3366,935,1058","sync_755,sync_87,sync_1008,sync_1842,sync_1191,sync_1725,sync_2014,sync_1251,sync_760,sync_1838,sync_606,sync_1716,sync_108,sync_1260,sync_1210,sync_1327,sync_1723,sync_565,sync_1064,sync_1724,sync_134,sync_1727,sync_967,sync_1134,sync_2017,sync_879,sync_955,sync_1656,sync_1185,sync_2783,sync_1715,sync_1190,sync_2165,sync_1837,sync_1054,sync_2959,sync_1720,sync_1030,sync_1096,sync_1990,sync_1243,sync_1979,sync_627,sync_2674,sync_1049,sync_2021,del_2976,add_3021,sync_3366,sync_935,sync_1058",2,1064,935,53.694122076034546,37.08407807350159,1.5012991428375244,False,True,BERT4Rec,ml-1m,2048,10,0.2,"('replace', 'swap', 'add', 'delete', 'shuffle', 'reverse')","Thu, 28 Nov 2024 12:01:52"
4,"(None, 5, 0)",good,"755,87,1008,1842,1191,1725,2014,1251,760,1838,606,1716,108,1260,1210,1327,1723,565,1064,1724,134,1727,967,1134,2017,879,955,1656,1185,2783,1715,1190,2165,1837,1054,2959,1720,1030,1096,1990,1243,1979,627,2674,1049,2021,2976,3366,935,1058","755,87,1008,1842,1191,1725,2014,1251,760,1838,606,1716,108,1260,1210,1327,1723,565,1064,1724,134,1727,967,1134,2017,879,955,1656,1185,2783,1715,1190,2165,1837,1054,2959,1720,1030,1096,1990,1243,1979,627,2674,1049,2021,2976,3366,935,2769","sync_755,sync_87,sync_1008,sync_1842,sync_1191,sync_1725,sync_2014,sync_1251,sync_760,sync_1838,sync_606,sync_1716,sync_108,sync_1260,sync_1210,sync_1327,sync_1723,sync_565,sync_1064,sync_1724,sync_134,sync_1727,sync_967,sync_1134,sync_2017,sync_879,sync_955,sync_1656,sync_1185,sync_2783,sync_1715,sync_1190,sync_2165,sync_1837,sync_1054,sync_2959,sync_1720,sync_1030,sync_1096,sync_1990,sync_1243,sync_1979,sync_627,sync_2674,sync_1049,sync_2021,sync_2976,sync_3366,sync_935,del_1058,add_2769",2,1064,10,53.694122076034546,108.57240796089172,1.4055330753326416,False,True,BERT4Rec,ml-1m,2048,10,0.2,"('replace', 'swap', 'add', 'delete', 'shuffle', 'reverse')","Thu, 28 Nov 2024 12:01:52"
5,"(None, 5, 3)",good,"1346,669,648,198,1315,1334,423,1342,658,1773,1380,1175,1089,908,622,2892,3284,2469,2797,811,914,576,2885,2147,2609,1834,2828,1383,1181,700,2206,182,1771,1318,1867,1092,2115,1608,936,1057,1109,2883,1826,2607,1153,1138,1204,2544,2137,2055","1346,669,648,198,1315,1334,423,1342,658,1773,1380,1175,1089,908,622,2892,3284,2469,2797,811,914,576,2885,2147,2609,1834,2828,1383,1181,700,2206,182,1771,1318,1867,1092,2115,1608,936,1057,1109,2883,349,955,1153,1138,1204,2544,2137,2055","sync_1346,sync_669,sync_648,sync_198,sync_1315,sync_1334,sync_423,sync_1342,sync_658,sync_1773,sync_1380,sync_1175,sync_1089,sync_908,sync_622,sync_2892,sync_3284,sync_2469,sync_2797,sync_811,sync_914,sync_576,sync_2885,sync_2147,sync_2609,sync_1834,sync_2828,sync_1383,sync_1181,sync_700,sync_2206,sync_182,sync_1771,sync_1318,sync_1867,sync_1092,sync_2115,sync_1608,sync_936,sync_1057,sync_1109,sync_2883,add_349,del_1826,add_955,del_2607,sync_1153,sync_1138,sync_1204,sync_2544,sync_2137,sync_2055",2,1852,2960,51.15286612510681,92.89980483055115,1.5589148998260498,False,True,BERT4Rec,ml-1m,2048,10,0.2,"('replace', 'swap', 'add', 'delete', 'shuffle', 'reverse')","Thu, 28 Nov 2024 12:31:45"
5,"(None, 5, 0)",good,"1346,669,648,198,1315,1334,423,1342,658,1773,1380,1175,1089,908,622,2892,3284,2469,2797,811,914,576,2885,2147,2609,1834,2828,1383,1181,700,2206,182,1771,1318,1867,1092,2115,1608,936,1057,1109,2883,1826,2607,1153,1138,1204,2544,2137,2055","1346,669,648,198,1315,1334,423,1342,658,1773,1380,1175,1089,908,622,2892,3284,2469,2797,811,914,576,2885,2147,2609,1834,2828,1383,1181,700,2206,182,1771,1318,1867,1092,2115,1608,936,1057,1109,2883,1826,2607,1153,1138,1204,2544,2137,1532","sync_1346,sync_669,sync_648,sync_198,sync_1315,sync_1334,sync_423,sync_1342,sync_658,sync_1773,sync_1380,sync_1175,sync_1089,sync_908,sync_622,sync_2892,sync_3284,sync_2469,sync_2797,sync_811,sync_914,sync_576,sync_2885,sync_2147,sync_2609,sync_1834,sync_2828,sync_1383,sync_1181,sync_700,sync_2206,sync_182,sync_1771,sync_1318,sync_1867,sync_1092,sync_2115,sync_1608,sync_936,sync_1057,sync_1109,sync_2883,sync_1826,sync_2607,sync_1153,sync_1138,sync_1204,sync_2544,sync_2137,del_2055,add_1532",1,1852,609,51.15286612510681,30.74195623397827,1.4814140796661377,False,True,BERT4Rec,ml-1m,2048,10,0.2,"('replace', 'swap', 'add', 'delete', 'shuffle', 'reverse')","Thu, 28 Nov 2024 12:31:45"
6,"(None, 5, 3)",good,"3430,1371,658,595,24,339,1238,2572,1232,560,247,1250,744,1451,2233,1241,961,122,986,946","3430,1371,658,595,24,339,1238,2572,1232,560,247,1250,744,1451,2233,1241,1843,122,986,946,-1,-1,-1,-1,-1,-1,-1,-1,-1,-1,-1,-1,-1,-1,-1,-1,-1,-1,-1,-1,-1,-1,-1,-1,-1,-1,-1,-1,-1,-1","sync_3430,sync_1371,sync_658,sync_595,sync_24,sync_339,sync_1238,sync_2572,sync_1232,sync_560,sync_247,sync_1250,sync_744,sync_1451,sync_2233,sync_1241,add_1843,del_961,sync_122,sync_986,sync_946",1,961,339,47.27525973320007,156.35908198356628,1.9516589641571045,False,True,BERT4Rec,ml-1m,2048,10,0.2,"('replace', 'swap', 'add', 'delete', 'shuffle', 'reverse')","Thu, 28 Nov 2024 12:31:45"
6,"(None, 5, 0)",bad,"3430,1371,658,595,24,339,1238,2572,1232,560,247,1250,744,1451,2233,1241,961,122,986,946","3430,1371,658,595,24,339,1238,2572,1232,560,247,1250,744,1451,2233,1241,961,122,1843,946,-1,-1,-1,-1,-1,-1,-1,-1,-1,-1,-1,-1,-1,-1,-1,-1,-1,-1,-1,-1,-1,-1,-1,-1,-1,-1,-1,-1,-1,-1","sync_3430,sync_1371,sync_658,sync_595,sync_24,sync_339,sync_1238,sync_2572,sync_1232,sync_560,sync_247,sync_1250,sync_744,sync_1451,sync_2233,sync_1241,sync_961,sync_122,del_986,add_1843,sync_946",1,961,961,47.27525973320007,168.42485880851746,1.77931809425354,False,True,BERT4Rec,ml-1m,2048,10,0.2,"('replace', 'swap', 'add', 'delete', 'shuffle', 'reverse')","Thu, 28 Nov 2024 12:31:45"
7,"(None, 5, 3)",good,"1003,426,920,502,2043,312,219,930,892,45,125,128,140,210,435,670,93,49,137,216,217,1155,65,209,1229,200,644,214,211,712,1081,278,58,1476,196,152,111,588,1836,151,161,896,114,121,80,156,190,1482,149,776","1003,426,920,502,2043,312,219,930,892,45,125,128,140,210,435,670,93,49,137,216,217,1155,65,209,1229,200,644,214,211,712,1081,278,58,1476,196,152,111,588,1836,151,161,896,114,121,80,156,3416,1482,149,776","sync_1003,sync_426,sync_920,sync_502,sync_2043,sync_312,sync_219,sync_930,sync_892,sync_45,sync_125,sync_128,sync_140,sync_210,sync_435,sync_670,sync_93,sync_49,sync_137,sync_216,sync_217,sync_1155,sync_65,sync_209,sync_1229,sync_200,sync_644,sync_214,sync_211,sync_712,sync_1081,sync_278,sync_58,sync_1476,sync_196,sync_152,sync_111,sync_588,sync_1836,sync_151,sync_161,sync_896,sync_114,sync_121,sync_80,sync_156,add_3416,del_190,sync_1482,sync_149,sync_776",1,149,190,49.856866121292114,38.57521176338196,1.1984901428222656,False,True,BERT4Rec,ml-1m,2048,10,0.2,"('replace', 'swap', 'add', 'delete', 'shuffle', 'reverse')","Thu, 28 Nov 2024 12:31:45"
7,"(None, 5, 0)",good,"1003,426,920,502,2043,312,219,930,892,45,125,128,140,210,435,670,93,49,137,216,217,1155,65,209,1229,200,644,214,211,712,1081,278,58,1476,196,152,111,588,1836,151,161,896,114,121,80,156,190,1482,149,776","1003,426,920,502,2043,312,219,930,892,45,125,128,140,210,435,670,93,49,137,216,217,1155,65,209,1229,200,644,214,211,712,1081,278,58,1476,196,152,111,588,1836,151,161,896,114,121,80,156,190,1482,149,3416","sync_1003,sync_426,sync_920,sync_502,sync_2043,sync_312,sync_219,sync_930,sync_892,sync_45,sync_125,sync_128,sync_140,sync_210,sync_435,sync_670,sync_93,sync_49,sync_137,sync_216,sync_217,sync_1155,sync_65,sync_209,sync_1229,sync_200,sync_644,sync_214,sync_211,sync_712,sync_1081,sync_278,sync_58,sync_1476,sync_196,sync_152,sync_111,sync_588,sync_1836,sync_151,sync_161,sync_896,sync_114,sync_121,sync_80,sync_156,sync_190,sync_1482,sync_149,del_776,add_3416",1,149,190,49.856866121292114,142.50244903564453,1.138739824295044,False,True,BERT4Rec,ml-1m,2048,10,0.2,"('replace', 'swap', 'add', 'delete', 'shuffle', 'reverse')","Thu, 28 Nov 2024 12:31:45"
8,"(None, 5, 3)",bad,"1518,563,178,2270,601,634,200,618,724,1002,41,8,176,643,1664,184,757,1648,1299,742,421,798,720,418,727,1762,719,796,1372,1159,1127,213,210,1536,214,274,1501,869,595,947,1112,1131,1926,1977,9,633,610,47,683,1047","1518,563,178,2270,601,634,200,618,724,1002,41,8,176,643,1664,184,757,1648,1299,742,421,798,720,418,727,1762,719,796,1372,1159,1127,213,210,1536,214,274,1501,869,595,947,1112,1131,1701,1977,9,633,610,47,683,1047","sync_1518,sync_563,sync_178,sync_2270,sync_601,sync_634,sync_200,sync_618,sync_724,sync_1002,sync_41,sync_8,sync_176,sync_643,sync_1664,sync_184,sync_757,sync_1648,sync_1299,sync_742,sync_421,sync_798,sync_720,sync_418,sync_727,sync_1762,sync_719,sync_796,sync_1372,sync_1159,sync_1127,sync_213,sync_210,sync_1536,sync_214,sync_274,sync_1501,sync_869,sync_595,sync_947,sync_1112,sync_1131,add_1701,del_1926,sync_1977,sync_9,sync_633,sync_610,sync_47,sync_683,sync_1047",1,38,38,50.869778871536255,43.83949279785156,1.1668500900268555,False,True,BERT4Rec,ml-1m,2048,10,0.2,"('replace', 'swap', 'add', 'delete', 'shuffle', 'reverse')","Thu, 28 Nov 2024 12:31:45"
8,"(None, 5, 0)",good,"1518,563,178,2270,601,634,200,618,724,1002,41,8,176,643,1664,184,757,1648,1299,742,421,798,720,418,727,1762,719,796,1372,1159,1127,213,210,1536,214,274,1501,869,595,947,1112,1131,1926,1977,9,633,610,47,683,1047","1518,563,178,2270,601,634,200,618,724,1002,41,8,176,643,1664,184,757,1648,1299,742,421,798,720,418,727,1762,719,796,1372,1159,1127,213,210,1536,214,274,1501,869,595,947,1112,1131,1926,1977,9,633,610,47,683,1252","sync_1518,sync_563,sync_178,sync_2270,sync_601,sync_634,sync_200,sync_618,sync_724,sync_1002,sync_41,sync_8,sync_176,sync_643,sync_1664,sync_184,sync_757,sync_1648,sync_1299,sync_742,sync_421,sync_798,sync_720,sync_418,sync_727,sync_1762,sync_719,sync_796,sync_1372,sync_1159,sync_1127,sync_213,sync_210,sync_1536,sync_214,sync_274,sync_1501,sync_869,sync_595,sync_947,sync_1112,sync_1131,sync_1926,sync_1977,sync_9,sync_633,sync_610,sync_47,sync_683,del_1047,add_1252",1,38,609,50.869778871536255,129.3276059627533,1.161325216293335,False,True,BERT4Rec,ml-1m,2048,10,0.2,"('replace', 'swap', 'add', 'delete', 'shuffle', 'reverse')","Thu, 28 Nov 2024 12:31:45"
9,"(None, 5, 3)",bad,"421,1136,714,138,42,635,3013,2326,39,2204,762,1416,152,281,1853,211,744,1692,133,377,53,40,449,10,2042,172,23,549,793,8,274,317,56,1500,2164,1042,178,1385,27,65,187,1510,157,1532,243,1929,917,218,647,539","421,1136,714,138,42,635,3013,2326,39,2204,762,1416,152,281,1853,211,744,1692,133,377,53,40,449,10,2042,172,23,549,793,8,274,317,56,1500,2164,1042,178,1385,27,65,187,1510,157,1532,243,1929,372,218,647,539","sync_421,sync_1136,sync_714,sync_138,sync_42,sync_635,sync_3013,sync_2326,sync_39,sync_2204,sync_762,sync_1416,sync_152,sync_281,sync_1853,sync_211,sync_744,sync_1692,sync_133,sync_377,sync_53,sync_40,sync_449,sync_10,sync_2042,sync_172,sync_23,sync_549,sync_793,sync_8,sync_274,sync_317,sync_56,sync_1500,sync_2164,sync_1042,sync_178,sync_1385,sync_27,sync_65,sync_187,sync_1510,sync_157,sync_1532,sync_243,sync_1929,del_917,add_372,sync_218,sync_647,sync_539",1,63,63,58.49647498130798,205.40170001983643,2.0560290813446045,False,True,BERT4Rec,ml-1m,2048,10,0.2,"('replace', 'swap', 'add', 'delete', 'shuffle', 'reverse')","Thu, 28 Nov 2024 12:31:45"
9,"(None, 5, 0)",good,"421,1136,714,138,42,635,3013,2326,39,2204,762,1416,152,281,1853,211,744,1692,133,377,53,40,449,10,2042,172,23,549,793,8,274,317,56,1500,2164,1042,178,1385,27,65,187,1510,157,1532,243,1929,917,218,647,539","421,1136,714,138,42,635,3013,2326,39,2204,762,1416,152,281,1853,211,744,1692,133,377,53,40,449,10,2042,172,23,549,793,8,274,317,56,1500,2164,1042,178,1385,27,65,187,1510,157,1532,243,1929,917,218,647,372","sync_421,sync_1136,sync_714,sync_138,sync_42,sync_635,sync_3013,sync_2326,sync_39,sync_2204,sync_762,sync_1416,sync_152,sync_281,sync_1853,sync_211,sync_744,sync_1692,sync_133,sync_377,sync_53,sync_40,sync_449,sync_10,sync_2042,sync_172,sync_23,sync_549,sync_793,sync_8,sync_274,sync_317,sync_56,sync_1500,sync_2164,sync_1042,sync_178,sync_1385,sync_27,sync_65,sync_187,sync_1510,sync_157,sync_1532,sync_243,sync_1929,sync_917,sync_218,sync_647,del_539,add_372",1,63,53,58.49647498130798,182.54324388504028,1.4694688320159912,False,True,BERT4Rec,ml-1m,2048,10,0.2,"('replace', 'swap', 'add', 'delete', 'shuffle', 'reverse')","Thu, 28 Nov 2024 12:31:45"
10,"(None, 5, 3)",good,"645,739,620,969,642,1260,865,631,87,2020,99,556,1076,763,565,134,108,1185,1210,1997,1104,1727,1134,1725,1243,1979,1096,1064,1054,935,1095,613,721,583,643,20,559,574,843,1038,623,679,674,742,569,657,1084,188,1342,1067","645,739,620,969,642,1260,865,631,87,2020,99,556,1076,763,565,134,108,1185,1210,1997,1104,1727,1134,1725,1243,1979,1096,1064,1054,935,1095,613,721,583,643,20,559,574,843,1038,623,679,674,742,569,657,3604,188,1342,1067","sync_645,sync_739,sync_620,sync_969,sync_642,sync_1260,sync_865,sync_631,sync_87,sync_2020,sync_99,sync_556,sync_1076,sync_763,sync_565,sync_134,sync_108,sync_1185,sync_1210,sync_1997,sync_1104,sync_1727,sync_1134,sync_1725,sync_1243,sync_1979,sync_1096,sync_1064,sync_1054,sync_935,sync_1095,sync_613,sync_721,sync_583,sync_643,sync_20,sync_559,sync_574,sync_843,sync_1038,sync_623,sync_679,sync_674,sync_742,sync_569,sync_657,add_3604,del_1084,sync_188,sync_1342,sync_1067",1,1067,45,49.518341064453125,160.2206358909607,1.3035368919372559,False,True,BERT4Rec,ml-1m,2048,10,0.2,"('replace', 'swap', 'add', 'delete', 'shuffle', 'reverse')","Thu, 28 Nov 2024 12:31:45"
10,"(None, 5, 0)",good,"645,739,620,969,642,1260,865,631,87,2020,99,556,1076,763,565,134,108,1185,1210,1997,1104,1727,1134,1725,1243,1979,1096,1064,1054,935,1095,613,721,583,643,20,559,574,843,1038,623,679,674,742,569,657,1084,188,1342,1067","645,739,620,969,642,1260,865,631,87,2020,99,556,1076,763,565,134,108,1185,1210,1997,1104,1727,1134,1725,1243,1979,1096,1064,1054,935,1095,613,721,583,643,20,559,574,843,1038,623,679,674,742,569,657,1084,188,1342,1930","sync_645,sync_739,sync_620,sync_969,sync_642,sync_1260,sync_865,sync_631,sync_87,sync_2020,sync_99,sync_556,sync_1076,sync_763,sync_565,sync_134,sync_108,sync_1185,sync_1210,sync_1997,sync_1104,sync_1727,sync_1134,sync_1725,sync_1243,sync_1979,sync_1096,sync_1064,sync_1054,sync_935,sync_1095,sync_613,sync_721,sync_583,sync_643,sync_20,sync_559,sync_574,sync_843,sync_1038,sync_623,sync_679,sync_674,sync_742,sync_569,sync_657,sync_1084,sync_188,sync_1342,add_1930,del_1067",1,1067,45,49.518341064453125,159.3689408302307,1.1946351528167725,False,True,BERT4Rec,ml-1m,2048,10,0.2,"('replace', 'swap', 'add', 'delete', 'shuffle', 'reverse')","Thu, 28 Nov 2024 12:31:45"
