i,split,status,source,aligned,alignment,cost,gt,aligned_gt,dataset_time,align_time,automata_learning_time,use_cache,determinism,model,dataset,pop_size,generations,halloffame_ratio,fitness_alpha,allowed_mutations,include_sink,mutation_params,generation_strategy,timestamp
0,"(None, 1, 0)",good,"2720,365,1634,1229,140,351,1664,160,1534,1233,618,267,2490,213,2483,89,273,665,352,222,2265,2612,429,2492,2827,532,1002,202,821,1615,1284,830,176,1116,2626,23,415,1988,694,133,1536,510,290,152,204,1034,1273,289,462,165","2720,365,1634,1229,140,351,1664,160,1534,1233,618,267,2490,213,2483,89,273,665,352,222,2265,2612,429,2492,2827,532,1002,202,821,1615,1284,830,176,1116,2626,23,415,1988,694,133,1536,510,290,152,204,1034,1273,289,462,25","sync_2720,sync_365,sync_1634,sync_1229,sync_140,sync_351,sync_1664,sync_160,sync_1534,sync_1233,sync_618,sync_267,sync_2490,sync_213,sync_2483,sync_89,sync_273,sync_665,sync_352,sync_222,sync_2265,sync_2612,sync_429,sync_2492,sync_2827,sync_532,sync_1002,sync_202,sync_821,sync_1615,sync_1284,sync_830,sync_176,sync_1116,sync_2626,sync_23,sync_415,sync_1988,sync_694,sync_133,sync_1536,sync_510,sync_290,sync_152,sync_204,sync_1034,sync_1273,sync_289,sync_462,add_25,del_165",1,"(7,)","(15,)",99.114,5.006,2.032,False,True,BERT4Rec,ml-1m,2048,20,0.2,0.5,"('replace', 'swap', 'add', 'delete', 'shuffle', 'reverse')",False,"(6, 6, 6)",genetic_categorized,"Mon, 09 Dec 2024 17:11:41"
0,"(None, 10, 0)",good,"2720,365,1634,1229,140,351,1664,160,1534,1233,618,267,2490,213,2483,89,273,665,352,222,2265,2612,429,2492,2827,532,1002,202,821,1615,1284,830,176,1116,2626,23,415,1988,694,133,1536,510,290,152,204,1034,1273,289,462,165","2720,365,1634,1229,140,351,1664,160,1534,1233,618,267,2490,213,2483,89,273,665,352,222,2265,2612,429,2492,2827,532,1002,202,821,1615,1284,830,176,1116,2626,23,415,1988,694,133,1536,510,290,152,204,1034,1273,289,462,25","sync_2720,sync_365,sync_1634,sync_1229,sync_140,sync_351,sync_1664,sync_160,sync_1534,sync_1233,sync_618,sync_267,sync_2490,sync_213,sync_2483,sync_89,sync_273,sync_665,sync_352,sync_222,sync_2265,sync_2612,sync_429,sync_2492,sync_2827,sync_532,sync_1002,sync_202,sync_821,sync_1615,sync_1284,sync_830,sync_176,sync_1116,sync_2626,sync_23,sync_415,sync_1988,sync_694,sync_133,sync_1536,sync_510,sync_290,sync_152,sync_204,sync_1034,sync_1273,sync_289,sync_462,add_25,del_165",1,"(7,)","(15,)",99.114,64.686,1.668,False,True,BERT4Rec,ml-1m,2048,20,0.2,0.5,"('replace', 'swap', 'add', 'delete', 'shuffle', 'reverse')",False,"(6, 6, 6)",genetic_categorized,"Mon, 09 Dec 2024 17:11:41"
0,"(None, 1, 5)",bad,"2720,365,1634,1229,140,351,1664,160,1534,1233,618,267,2490,213,2483,89,273,665,352,222,2265,2612,429,2492,2827,532,1002,202,821,1615,1284,830,176,1116,2626,23,415,1988,694,133,1536,510,290,152,204,1034,1273,289,462,165","2720,365,1634,1229,140,351,1664,160,1534,1233,618,267,2490,213,2483,89,273,665,352,222,2265,2612,429,2492,2827,532,1002,202,821,1615,1284,830,176,1116,2626,23,415,1988,694,133,1536,510,290,152,908,1034,1273,289,462,165","sync_2720,sync_365,sync_1634,sync_1229,sync_140,sync_351,sync_1664,sync_160,sync_1534,sync_1233,sync_618,sync_267,sync_2490,sync_213,sync_2483,sync_89,sync_273,sync_665,sync_352,sync_222,sync_2265,sync_2612,sync_429,sync_2492,sync_2827,sync_532,sync_1002,sync_202,sync_821,sync_1615,sync_1284,sync_830,sync_176,sync_1116,sync_2626,sync_23,sync_415,sync_1988,sync_694,sync_133,sync_1536,sync_510,sync_290,sync_152,add_908,del_204,sync_1034,sync_1273,sync_289,sync_462,sync_165",1,"(7,)","(7,)",99.114,4.247,1.549,False,True,BERT4Rec,ml-1m,2048,20,0.2,0.5,"('replace', 'swap', 'add', 'delete', 'shuffle', 'reverse')",False,"(6, 6, 6)",genetic_categorized,"Mon, 09 Dec 2024 17:11:41"
0,"(None, 5, 5)",bad,"2720,365,1634,1229,140,351,1664,160,1534,1233,618,267,2490,213,2483,89,273,665,352,222,2265,2612,429,2492,2827,532,1002,202,821,1615,1284,830,176,1116,2626,23,415,1988,694,133,1536,510,290,152,204,1034,1273,289,462,165","2720,365,1634,1229,140,351,1664,160,1534,1233,618,267,2490,213,2483,89,273,665,352,222,2265,2612,429,2492,2827,532,1002,202,821,1615,1284,830,176,1116,2626,23,415,1988,694,133,1536,510,290,152,908,1034,1273,289,462,165","sync_2720,sync_365,sync_1634,sync_1229,sync_140,sync_351,sync_1664,sync_160,sync_1534,sync_1233,sync_618,sync_267,sync_2490,sync_213,sync_2483,sync_89,sync_273,sync_665,sync_352,sync_222,sync_2265,sync_2612,sync_429,sync_2492,sync_2827,sync_532,sync_1002,sync_202,sync_821,sync_1615,sync_1284,sync_830,sync_176,sync_1116,sync_2626,sync_23,sync_415,sync_1988,sync_694,sync_133,sync_1536,sync_510,sync_290,sync_152,add_908,del_204,sync_1034,sync_1273,sync_289,sync_462,sync_165",1,"(7,)","(7,)",99.114,41.167,1.628,False,True,BERT4Rec,ml-1m,2048,20,0.2,0.5,"('replace', 'swap', 'add', 'delete', 'shuffle', 'reverse')",False,"(6, 6, 6)",genetic_categorized,"Mon, 09 Dec 2024 17:11:41"
0,"(None, 10, 5)",bad,"2720,365,1634,1229,140,351,1664,160,1534,1233,618,267,2490,213,2483,89,273,665,352,222,2265,2612,429,2492,2827,532,1002,202,821,1615,1284,830,176,1116,2626,23,415,1988,694,133,1536,510,290,152,204,1034,1273,289,462,165","2720,365,1634,1229,140,351,1664,160,1534,1233,618,267,2490,213,2483,89,273,665,352,222,2265,2612,429,2492,2827,532,1002,202,821,1615,1284,830,176,1116,2626,23,415,1988,694,133,1536,510,290,152,908,1034,1273,289,462,165","sync_2720,sync_365,sync_1634,sync_1229,sync_140,sync_351,sync_1664,sync_160,sync_1534,sync_1233,sync_618,sync_267,sync_2490,sync_213,sync_2483,sync_89,sync_273,sync_665,sync_352,sync_222,sync_2265,sync_2612,sync_429,sync_2492,sync_2827,sync_532,sync_1002,sync_202,sync_821,sync_1615,sync_1284,sync_830,sync_176,sync_1116,sync_2626,sync_23,sync_415,sync_1988,sync_694,sync_133,sync_1536,sync_510,sync_290,sync_152,add_908,del_204,sync_1034,sync_1273,sync_289,sync_462,sync_165",1,"(7,)","(7,)",99.114,79.832,1.527,False,True,BERT4Rec,ml-1m,2048,20,0.2,0.5,"('replace', 'swap', 'add', 'delete', 'shuffle', 'reverse')",False,"(6, 6, 6)",genetic_categorized,"Mon, 09 Dec 2024 17:11:41"
1,"(None, 1, 0)",bad,"713,1624,415,2044,391,610,727,38,1046,1863,723,756,427,1738,1645,2142,609,1461,633,12,2,36,422,1796,420,26,1254,630,1462,339,986,1922,1629,1284,1535,1492,961,1583,849,666,1527,1458,662,560,1093,670,421,1450,536,719","713,1624,415,2044,391,610,727,38,1046,1863,723,756,427,1738,1645,2142,609,1461,633,12,2,36,422,1796,420,26,1254,630,1462,339,986,1922,1629,1284,1535,1492,961,1583,849,666,1527,1458,662,560,1093,670,421,1450,536,56","sync_713,sync_1624,sync_415,sync_2044,sync_391,sync_610,sync_727,sync_38,sync_1046,sync_1863,sync_723,sync_756,sync_427,sync_1738,sync_1645,sync_2142,sync_609,sync_1461,sync_633,sync_12,sync_2,sync_36,sync_422,sync_1796,sync_420,sync_26,sync_1254,sync_630,sync_1462,sync_339,sync_986,sync_1922,sync_1629,sync_1284,sync_1535,sync_1492,sync_961,sync_1583,sync_849,sync_666,sync_1527,sync_1458,sync_662,sync_560,sync_1093,sync_670,sync_421,sync_1450,sync_536,add_56,del_719",1,"(11, 1, 3, 7)","(11, 1, 3, 7)",105.23,1.869,1.866,False,True,BERT4Rec,ml-1m,2048,20,0.2,0.5,"('replace', 'swap', 'add', 'delete', 'shuffle', 'reverse')",False,"(6, 6, 6)",genetic_categorized,"Mon, 09 Dec 2024 17:11:41"
1,"(None, 10, 0)",good,"713,1624,415,2044,391,610,727,38,1046,1863,723,756,427,1738,1645,2142,609,1461,633,12,2,36,422,1796,420,26,1254,630,1462,339,986,1922,1629,1284,1535,1492,961,1583,849,666,1527,1458,662,560,1093,670,421,1450,536,719","713,1624,415,2044,391,610,727,38,1046,1863,723,756,427,1738,1645,2142,609,1461,633,12,2,36,422,1796,420,26,1254,630,1462,339,986,1922,1629,1284,1535,1492,961,1583,849,666,1527,1458,662,560,1093,670,1118,1450,536,719","sync_713,sync_1624,sync_415,sync_2044,sync_391,sync_610,sync_727,sync_38,sync_1046,sync_1863,sync_723,sync_756,sync_427,sync_1738,sync_1645,sync_2142,sync_609,sync_1461,sync_633,sync_12,sync_2,sync_36,sync_422,sync_1796,sync_420,sync_26,sync_1254,sync_630,sync_1462,sync_339,sync_986,sync_1922,sync_1629,sync_1284,sync_1535,sync_1492,sync_961,sync_1583,sync_849,sync_666,sync_1527,sync_1458,sync_662,sync_560,sync_1093,sync_670,add_1118,del_421,sync_1450,sync_536,sync_719",1,"(11, 1, 3, 7)","(9, 12)",105.23,64.607,1.557,False,True,BERT4Rec,ml-1m,2048,20,0.2,0.5,"('replace', 'swap', 'add', 'delete', 'shuffle', 'reverse')",False,"(6, 6, 6)",genetic_categorized,"Mon, 09 Dec 2024 17:11:41"
1,"(None, 1, 5)",bad,"713,1624,415,2044,391,610,727,38,1046,1863,723,756,427,1738,1645,2142,609,1461,633,12,2,36,422,1796,420,26,1254,630,1462,339,986,1922,1629,1284,1535,1492,961,1583,849,666,1527,1458,662,560,1093,670,421,1450,536,719","713,1624,415,2044,391,610,727,38,1046,1863,723,756,427,1738,1645,2142,609,1461,633,12,2,36,422,1796,420,26,1254,630,1462,339,986,1922,1629,1284,1535,1492,961,1583,849,666,1527,1458,662,560,2344,670,421,1450,536,719","sync_713,sync_1624,sync_415,sync_2044,sync_391,sync_610,sync_727,sync_38,sync_1046,sync_1863,sync_723,sync_756,sync_427,sync_1738,sync_1645,sync_2142,sync_609,sync_1461,sync_633,sync_12,sync_2,sync_36,sync_422,sync_1796,sync_420,sync_26,sync_1254,sync_630,sync_1462,sync_339,sync_986,sync_1922,sync_1629,sync_1284,sync_1535,sync_1492,sync_961,sync_1583,sync_849,sync_666,sync_1527,sync_1458,sync_662,sync_560,add_2344,del_1093,sync_670,sync_421,sync_1450,sync_536,sync_719",1,"(11, 1, 3, 7)","(11, 1, 3, 7)",105.23,7.158,1.413,False,True,BERT4Rec,ml-1m,2048,20,0.2,0.5,"('replace', 'swap', 'add', 'delete', 'shuffle', 'reverse')",False,"(6, 6, 6)",genetic_categorized,"Mon, 09 Dec 2024 17:11:41"
1,"(None, 5, 5)",bad,"713,1624,415,2044,391,610,727,38,1046,1863,723,756,427,1738,1645,2142,609,1461,633,12,2,36,422,1796,420,26,1254,630,1462,339,986,1922,1629,1284,1535,1492,961,1583,849,666,1527,1458,662,560,1093,670,421,1450,536,719","713,1624,415,2044,391,610,727,38,1046,1863,723,756,427,1738,1645,2142,609,1461,633,12,2,36,422,1796,420,26,1254,630,1462,339,986,1922,1629,1284,1535,1492,961,1583,849,666,1527,1458,662,560,2344,670,421,1450,536,719","sync_713,sync_1624,sync_415,sync_2044,sync_391,sync_610,sync_727,sync_38,sync_1046,sync_1863,sync_723,sync_756,sync_427,sync_1738,sync_1645,sync_2142,sync_609,sync_1461,sync_633,sync_12,sync_2,sync_36,sync_422,sync_1796,sync_420,sync_26,sync_1254,sync_630,sync_1462,sync_339,sync_986,sync_1922,sync_1629,sync_1284,sync_1535,sync_1492,sync_961,sync_1583,sync_849,sync_666,sync_1527,sync_1458,sync_662,sync_560,del_1093,add_2344,sync_670,sync_421,sync_1450,sync_536,sync_719",1,"(11, 1, 3, 7)","(11, 1, 3, 7)",105.23,60.633,1.536,False,True,BERT4Rec,ml-1m,2048,20,0.2,0.5,"('replace', 'swap', 'add', 'delete', 'shuffle', 'reverse')",False,"(6, 6, 6)",genetic_categorized,"Mon, 09 Dec 2024 17:11:41"
1,"(None, 10, 5)",bad,"713,1624,415,2044,391,610,727,38,1046,1863,723,756,427,1738,1645,2142,609,1461,633,12,2,36,422,1796,420,26,1254,630,1462,339,986,1922,1629,1284,1535,1492,961,1583,849,666,1527,1458,662,560,1093,670,421,1450,536,719","713,1624,415,2044,391,610,727,38,1046,1863,723,756,427,1738,1645,2142,609,1461,633,12,2,36,422,1796,420,26,1254,630,1462,339,986,1922,1629,1284,1535,1492,961,1583,849,666,1527,1458,662,560,2344,670,421,1450,536,719","sync_713,sync_1624,sync_415,sync_2044,sync_391,sync_610,sync_727,sync_38,sync_1046,sync_1863,sync_723,sync_756,sync_427,sync_1738,sync_1645,sync_2142,sync_609,sync_1461,sync_633,sync_12,sync_2,sync_36,sync_422,sync_1796,sync_420,sync_26,sync_1254,sync_630,sync_1462,sync_339,sync_986,sync_1922,sync_1629,sync_1284,sync_1535,sync_1492,sync_961,sync_1583,sync_849,sync_666,sync_1527,sync_1458,sync_662,sync_560,del_1093,add_2344,sync_670,sync_421,sync_1450,sync_536,sync_719",1,"(11, 1, 3, 7)","(11, 1, 3, 7)",105.23,108.766,1.504,False,True,BERT4Rec,ml-1m,2048,20,0.2,0.5,"('replace', 'swap', 'add', 'delete', 'shuffle', 'reverse')",False,"(6, 6, 6)",genetic_categorized,"Mon, 09 Dec 2024 17:11:41"
2,"(None, 1, 0)",bad,"154,799,1341,65,172,214,184,536,1463,598,274,1510,1034,207,540,412,2475,1616,244","154,799,1341,65,172,214,184,536,1463,598,274,1510,1034,207,540,412,2475,1616,348,-1,-1,-1,-1,-1,-1,-1,-1,-1,-1,-1,-1,-1,-1,-1,-1,-1,-1,-1,-1,-1,-1,-1,-1,-1,-1,-1,-1,-1,-1,-1","sync_154,sync_799,sync_1341,sync_65,sync_172,sync_214,sync_184,sync_536,sync_1463,sync_598,sync_274,sync_1510,sync_1034,sync_207,sync_540,sync_412,sync_2475,sync_1616,add_348,del_244",1,"(3, 13)","(3, 13)",95.058,4.536,1.611,False,True,BERT4Rec,ml-1m,2048,20,0.2,0.5,"('replace', 'swap', 'add', 'delete', 'shuffle', 'reverse')",False,"(6, 6, 6)",genetic_categorized,"Mon, 09 Dec 2024 17:11:41"
2,"(None, 10, 0)",bad,"154,799,1341,65,172,214,184,536,1463,598,274,1510,1034,207,540,412,2475,1616,244","154,799,1341,65,172,214,184,536,1463,598,274,1510,1034,207,540,412,2475,1616,348,-1,-1,-1,-1,-1,-1,-1,-1,-1,-1,-1,-1,-1,-1,-1,-1,-1,-1,-1,-1,-1,-1,-1,-1,-1,-1,-1,-1,-1,-1,-1","sync_154,sync_799,sync_1341,sync_65,sync_172,sync_214,sync_184,sync_536,sync_1463,sync_598,sync_274,sync_1510,sync_1034,sync_207,sync_540,sync_412,sync_2475,sync_1616,add_348,del_244",1,"(3, 13)","(3, 13)",95.058,27.389,1.467,False,True,BERT4Rec,ml-1m,2048,20,0.2,0.5,"('replace', 'swap', 'add', 'delete', 'shuffle', 'reverse')",False,"(6, 6, 6)",genetic_categorized,"Mon, 09 Dec 2024 17:11:41"
2,"(None, 1, 5)",NoTargetStatesError,"154,799,1341,65,172,214,184,536,1463,598,274,1510,1034,207,540,412,2475,1616,244","154,799,1341,65,172,214,184,536,1463,598,274,1510,1034,207,540,412,2475,1616,348,-1,-1,-1,-1,-1,-1,-1,-1,-1,-1,-1,-1,-1,-1,-1,-1,-1,-1,-1,-1,-1,-1,-1,-1,-1,-1,-1,-1,-1,-1,-1","sync_154,sync_799,sync_1341,sync_65,sync_172,sync_214,sync_184,sync_536,sync_1463,sync_598,sync_274,sync_1510,sync_1034,sync_207,sync_540,sync_412,sync_2475,sync_1616,add_348,del_244",1,"(3, 13)","(3, 13)",95.058,27.389,1.467,False,True,BERT4Rec,ml-1m,2048,20,0.2,0.5,"('replace', 'swap', 'add', 'delete', 'shuffle', 'reverse')",False,"(6, 6, 6)",genetic_categorized,"Mon, 09 Dec 2024 17:11:41"
2,"(None, 5, 5)",NoTargetStatesError,"154,799,1341,65,172,214,184,536,1463,598,274,1510,1034,207,540,412,2475,1616,244","154,799,1341,65,172,214,184,536,1463,598,274,1510,1034,207,540,412,2475,1616,348,-1,-1,-1,-1,-1,-1,-1,-1,-1,-1,-1,-1,-1,-1,-1,-1,-1,-1,-1,-1,-1,-1,-1,-1,-1,-1,-1,-1,-1,-1,-1","sync_154,sync_799,sync_1341,sync_65,sync_172,sync_214,sync_184,sync_536,sync_1463,sync_598,sync_274,sync_1510,sync_1034,sync_207,sync_540,sync_412,sync_2475,sync_1616,add_348,del_244",1,"(3, 13)","(3, 13)",95.058,27.389,1.467,False,True,BERT4Rec,ml-1m,2048,20,0.2,0.5,"('replace', 'swap', 'add', 'delete', 'shuffle', 'reverse')",False,"(6, 6, 6)",genetic_categorized,"Mon, 09 Dec 2024 17:11:41"
2,"(None, 10, 5)",NoTargetStatesError,"154,799,1341,65,172,214,184,536,1463,598,274,1510,1034,207,540,412,2475,1616,244","154,799,1341,65,172,214,184,536,1463,598,274,1510,1034,207,540,412,2475,1616,348,-1,-1,-1,-1,-1,-1,-1,-1,-1,-1,-1,-1,-1,-1,-1,-1,-1,-1,-1,-1,-1,-1,-1,-1,-1,-1,-1,-1,-1,-1,-1","sync_154,sync_799,sync_1341,sync_65,sync_172,sync_214,sync_184,sync_536,sync_1463,sync_598,sync_274,sync_1510,sync_1034,sync_207,sync_540,sync_412,sync_2475,sync_1616,add_348,del_244",1,"(3, 13)","(3, 13)",95.058,27.389,1.467,False,True,BERT4Rec,ml-1m,2048,20,0.2,0.5,"('replace', 'swap', 'add', 'delete', 'shuffle', 'reverse')",False,"(6, 6, 6)",genetic_categorized,"Mon, 09 Dec 2024 17:11:41"
3,"(None, 1, 0)",good,"207,382,771,1622,200,178,135,316,1309,185,23,866,2495,724,1121,1493,649,697,1652,2456,1664,634,548,1595,97,45,612,999,744,78,749,377,715,990,991,616,1009,1006,734,539,65,323,971,677,1004,587,841,1475,656,295","207,382,771,1622,200,178,135,316,1309,185,23,866,2495,724,1121,1493,649,697,1652,2456,1664,634,548,1595,97,45,612,999,744,78,749,377,715,990,991,616,1009,1006,734,539,65,323,971,677,1004,587,841,1475,656,60","sync_207,sync_382,sync_771,sync_1622,sync_200,sync_178,sync_135,sync_316,sync_1309,sync_185,sync_23,sync_866,sync_2495,sync_724,sync_1121,sync_1493,sync_649,sync_697,sync_1652,sync_2456,sync_1664,sync_634,sync_548,sync_1595,sync_97,sync_45,sync_612,sync_999,sync_744,sync_78,sync_749,sync_377,sync_715,sync_990,sync_991,sync_616,sync_1009,sync_1006,sync_734,sync_539,sync_65,sync_323,sync_971,sync_677,sync_1004,sync_587,sync_841,sync_1475,sync_656,add_60,del_295",1,"(0, 17, 14, 15)","(0, 1, 14)",99.824,0.736,1.215,False,True,BERT4Rec,ml-1m,2048,20,0.2,0.5,"('replace', 'swap', 'add', 'delete', 'shuffle', 'reverse')",False,"(6, 6, 6)",genetic_categorized,"Mon, 09 Dec 2024 17:11:41"
3,"(None, 10, 0)",good,"207,382,771,1622,200,178,135,316,1309,185,23,866,2495,724,1121,1493,649,697,1652,2456,1664,634,548,1595,97,45,612,999,744,78,749,377,715,990,991,616,1009,1006,734,539,65,323,971,677,1004,587,841,1475,656,295","207,382,771,1622,200,178,135,316,1309,185,23,866,2495,724,1121,1493,649,697,1652,2456,1664,634,548,1595,97,45,612,999,744,78,749,377,715,990,991,616,1009,1006,734,539,65,323,971,677,1004,587,841,1512,656,295","sync_207,sync_382,sync_771,sync_1622,sync_200,sync_178,sync_135,sync_316,sync_1309,sync_185,sync_23,sync_866,sync_2495,sync_724,sync_1121,sync_1493,sync_649,sync_697,sync_1652,sync_2456,sync_1664,sync_634,sync_548,sync_1595,sync_97,sync_45,sync_612,sync_999,sync_744,sync_78,sync_749,sync_377,sync_715,sync_990,sync_991,sync_616,sync_1009,sync_1006,sync_734,sync_539,sync_65,sync_323,sync_971,sync_677,sync_1004,sync_587,sync_841,del_1475,add_1512,sync_656,sync_295",1,"(0, 17, 14, 15)","(9, 14)",99.824,48.161,1.103,False,True,BERT4Rec,ml-1m,2048,20,0.2,0.5,"('replace', 'swap', 'add', 'delete', 'shuffle', 'reverse')",False,"(6, 6, 6)",genetic_categorized,"Mon, 09 Dec 2024 17:11:41"
3,"(None, 1, 5)",NoTargetStatesError,"207,382,771,1622,200,178,135,316,1309,185,23,866,2495,724,1121,1493,649,697,1652,2456,1664,634,548,1595,97,45,612,999,744,78,749,377,715,990,991,616,1009,1006,734,539,65,323,971,677,1004,587,841,1475,656,295","207,382,771,1622,200,178,135,316,1309,185,23,866,2495,724,1121,1493,649,697,1652,2456,1664,634,548,1595,97,45,612,999,744,78,749,377,715,990,991,616,1009,1006,734,539,65,323,971,677,1004,587,841,1512,656,295","sync_207,sync_382,sync_771,sync_1622,sync_200,sync_178,sync_135,sync_316,sync_1309,sync_185,sync_23,sync_866,sync_2495,sync_724,sync_1121,sync_1493,sync_649,sync_697,sync_1652,sync_2456,sync_1664,sync_634,sync_548,sync_1595,sync_97,sync_45,sync_612,sync_999,sync_744,sync_78,sync_749,sync_377,sync_715,sync_990,sync_991,sync_616,sync_1009,sync_1006,sync_734,sync_539,sync_65,sync_323,sync_971,sync_677,sync_1004,sync_587,sync_841,del_1475,add_1512,sync_656,sync_295",1,"(0, 17, 14, 15)","(9, 14)",99.824,48.161,1.103,False,True,BERT4Rec,ml-1m,2048,20,0.2,0.5,"('replace', 'swap', 'add', 'delete', 'shuffle', 'reverse')",False,"(6, 6, 6)",genetic_categorized,"Mon, 09 Dec 2024 17:11:41"
3,"(None, 5, 5)",NoTargetStatesError,"207,382,771,1622,200,178,135,316,1309,185,23,866,2495,724,1121,1493,649,697,1652,2456,1664,634,548,1595,97,45,612,999,744,78,749,377,715,990,991,616,1009,1006,734,539,65,323,971,677,1004,587,841,1475,656,295","207,382,771,1622,200,178,135,316,1309,185,23,866,2495,724,1121,1493,649,697,1652,2456,1664,634,548,1595,97,45,612,999,744,78,749,377,715,990,991,616,1009,1006,734,539,65,323,971,677,1004,587,841,1512,656,295","sync_207,sync_382,sync_771,sync_1622,sync_200,sync_178,sync_135,sync_316,sync_1309,sync_185,sync_23,sync_866,sync_2495,sync_724,sync_1121,sync_1493,sync_649,sync_697,sync_1652,sync_2456,sync_1664,sync_634,sync_548,sync_1595,sync_97,sync_45,sync_612,sync_999,sync_744,sync_78,sync_749,sync_377,sync_715,sync_990,sync_991,sync_616,sync_1009,sync_1006,sync_734,sync_539,sync_65,sync_323,sync_971,sync_677,sync_1004,sync_587,sync_841,del_1475,add_1512,sync_656,sync_295",1,"(0, 17, 14, 15)","(9, 14)",99.824,48.161,1.103,False,True,BERT4Rec,ml-1m,2048,20,0.2,0.5,"('replace', 'swap', 'add', 'delete', 'shuffle', 'reverse')",False,"(6, 6, 6)",genetic_categorized,"Mon, 09 Dec 2024 17:11:41"
3,"(None, 10, 5)",NoTargetStatesError,"207,382,771,1622,200,178,135,316,1309,185,23,866,2495,724,1121,1493,649,697,1652,2456,1664,634,548,1595,97,45,612,999,744,78,749,377,715,990,991,616,1009,1006,734,539,65,323,971,677,1004,587,841,1475,656,295","207,382,771,1622,200,178,135,316,1309,185,23,866,2495,724,1121,1493,649,697,1652,2456,1664,634,548,1595,97,45,612,999,744,78,749,377,715,990,991,616,1009,1006,734,539,65,323,971,677,1004,587,841,1512,656,295","sync_207,sync_382,sync_771,sync_1622,sync_200,sync_178,sync_135,sync_316,sync_1309,sync_185,sync_23,sync_866,sync_2495,sync_724,sync_1121,sync_1493,sync_649,sync_697,sync_1652,sync_2456,sync_1664,sync_634,sync_548,sync_1595,sync_97,sync_45,sync_612,sync_999,sync_744,sync_78,sync_749,sync_377,sync_715,sync_990,sync_991,sync_616,sync_1009,sync_1006,sync_734,sync_539,sync_65,sync_323,sync_971,sync_677,sync_1004,sync_587,sync_841,del_1475,add_1512,sync_656,sync_295",1,"(0, 17, 14, 15)","(9, 14)",99.824,48.161,1.103,False,True,BERT4Rec,ml-1m,2048,20,0.2,0.5,"('replace', 'swap', 'add', 'delete', 'shuffle', 'reverse')",False,"(6, 6, 6)",genetic_categorized,"Mon, 09 Dec 2024 17:11:41"
4,"(None, 1, 0)",good,"755,87,1008,1842,1191,1725,2014,1251,760,1838,606,1716,108,1260,1210,1327,1723,565,1064,1724,134,1727,967,1134,2017,879,955,1656,1185,2783,1715,1190,2165,1837,1054,2959,1720,1030,1096,1990,1243,1979,627,2674,1049,2021,2976,3366,935,1058","755,87,1008,1842,1191,1725,2014,1251,760,1838,606,1716,108,1260,1210,1327,1723,565,1064,1724,134,1727,967,1134,2017,879,955,1656,1185,2783,1715,1190,2165,1837,1054,2959,1720,1030,1096,1990,1243,1979,627,2674,1049,2021,2976,3366,935,14","sync_755,sync_87,sync_1008,sync_1842,sync_1191,sync_1725,sync_2014,sync_1251,sync_760,sync_1838,sync_606,sync_1716,sync_108,sync_1260,sync_1210,sync_1327,sync_1723,sync_565,sync_1064,sync_1724,sync_134,sync_1727,sync_967,sync_1134,sync_2017,sync_879,sync_955,sync_1656,sync_1185,sync_2783,sync_1715,sync_1190,sync_2165,sync_1837,sync_1054,sync_2959,sync_1720,sync_1030,sync_1096,sync_1990,sync_1243,sync_1979,sync_627,sync_2674,sync_1049,sync_2021,sync_2976,sync_3366,sync_935,add_14,del_1058",1,"(0, 14)","(3,)",100.78,0.725,0.999,False,True,BERT4Rec,ml-1m,2048,20,0.2,0.5,"('replace', 'swap', 'add', 'delete', 'shuffle', 'reverse')",False,"(6, 6, 6)",genetic_categorized,"Mon, 09 Dec 2024 17:11:41"
4,"(None, 10, 0)",bad,"755,87,1008,1842,1191,1725,2014,1251,760,1838,606,1716,108,1260,1210,1327,1723,565,1064,1724,134,1727,967,1134,2017,879,955,1656,1185,2783,1715,1190,2165,1837,1054,2959,1720,1030,1096,1990,1243,1979,627,2674,1049,2021,2976,3366,935,1058","755,87,1008,1842,1191,1725,2014,1251,760,1838,606,1716,108,1260,1210,1327,1723,565,1064,1724,134,1727,967,1134,2017,879,955,1656,1185,2783,1715,1190,2165,1837,1054,2959,1720,1030,1096,1990,1243,1979,627,2674,1049,493,2976,3366,935,1058","sync_755,sync_87,sync_1008,sync_1842,sync_1191,sync_1725,sync_2014,sync_1251,sync_760,sync_1838,sync_606,sync_1716,sync_108,sync_1260,sync_1210,sync_1327,sync_1723,sync_565,sync_1064,sync_1724,sync_134,sync_1727,sync_967,sync_1134,sync_2017,sync_879,sync_955,sync_1656,sync_1185,sync_2783,sync_1715,sync_1190,sync_2165,sync_1837,sync_1054,sync_2959,sync_1720,sync_1030,sync_1096,sync_1990,sync_1243,sync_1979,sync_627,sync_2674,sync_1049,add_493,del_2021,sync_2976,sync_3366,sync_935,sync_1058",1,"(0, 14)","(0, 1, 14)",100.78,20.543,0.831,False,True,BERT4Rec,ml-1m,2048,20,0.2,0.5,"('replace', 'swap', 'add', 'delete', 'shuffle', 'reverse')",False,"(6, 6, 6)",genetic_categorized,"Mon, 09 Dec 2024 17:11:41"
4,"(None, 1, 5)",bad,"755,87,1008,1842,1191,1725,2014,1251,760,1838,606,1716,108,1260,1210,1327,1723,565,1064,1724,134,1727,967,1134,2017,879,955,1656,1185,2783,1715,1190,2165,1837,1054,2959,1720,1030,1096,1990,1243,1979,627,2674,1049,2021,2976,3366,935,1058","755,87,1008,1842,1191,1725,2014,1251,760,1838,606,1716,108,1260,1210,1327,1723,565,1064,1724,134,1727,967,1134,2017,879,955,1656,1185,2783,1715,1190,2165,1837,1054,2959,1720,1030,1096,1990,1243,1979,627,2674,305,2021,2976,3366,935,1058","sync_755,sync_87,sync_1008,sync_1842,sync_1191,sync_1725,sync_2014,sync_1251,sync_760,sync_1838,sync_606,sync_1716,sync_108,sync_1260,sync_1210,sync_1327,sync_1723,sync_565,sync_1064,sync_1724,sync_134,sync_1727,sync_967,sync_1134,sync_2017,sync_879,sync_955,sync_1656,sync_1185,sync_2783,sync_1715,sync_1190,sync_2165,sync_1837,sync_1054,sync_2959,sync_1720,sync_1030,sync_1096,sync_1990,sync_1243,sync_1979,sync_627,sync_2674,add_305,del_1049,sync_2021,sync_2976,sync_3366,sync_935,sync_1058",1,"(0, 14)","(0, 14)",100.78,0.626,0.785,False,True,BERT4Rec,ml-1m,2048,20,0.2,0.5,"('replace', 'swap', 'add', 'delete', 'shuffle', 'reverse')",False,"(6, 6, 6)",genetic_categorized,"Mon, 09 Dec 2024 17:11:41"
4,"(None, 5, 5)",bad,"755,87,1008,1842,1191,1725,2014,1251,760,1838,606,1716,108,1260,1210,1327,1723,565,1064,1724,134,1727,967,1134,2017,879,955,1656,1185,2783,1715,1190,2165,1837,1054,2959,1720,1030,1096,1990,1243,1979,627,2674,1049,2021,2976,3366,935,1058","755,87,1008,1842,1191,1725,2014,1251,760,1838,606,1716,108,1260,1210,1327,1723,565,1064,1724,134,1727,967,1134,2017,879,955,1656,1185,2783,1715,1190,2165,1837,1054,2959,1720,1030,1096,1990,305,1243,1979,627,2674,2021,2976,3366,935,1058","sync_755,sync_87,sync_1008,sync_1842,sync_1191,sync_1725,sync_2014,sync_1251,sync_760,sync_1838,sync_606,sync_1716,sync_108,sync_1260,sync_1210,sync_1327,sync_1723,sync_565,sync_1064,sync_1724,sync_134,sync_1727,sync_967,sync_1134,sync_2017,sync_879,sync_955,sync_1656,sync_1185,sync_2783,sync_1715,sync_1190,sync_2165,sync_1837,sync_1054,sync_2959,sync_1720,sync_1030,sync_1096,sync_1990,add_305,sync_1243,sync_1979,sync_627,sync_2674,del_1049,sync_2021,sync_2976,sync_3366,sync_935,sync_1058",2,"(0, 14)","(0, 14)",100.78,24.158,0.875,False,True,BERT4Rec,ml-1m,2048,20,0.2,0.5,"('replace', 'swap', 'add', 'delete', 'shuffle', 'reverse')",False,"(6, 6, 6)",genetic_categorized,"Mon, 09 Dec 2024 17:11:41"
4,"(None, 10, 5)",CounterfactualNotFound,"755,87,1008,1842,1191,1725,2014,1251,760,1838,606,1716,108,1260,1210,1327,1723,565,1064,1724,134,1727,967,1134,2017,879,955,1656,1185,2783,1715,1190,2165,1837,1054,2959,1720,1030,1096,1990,1243,1979,627,2674,1049,2021,2976,3366,935,1058","755,87,1008,1842,1191,1725,2014,1251,760,1838,606,1716,108,1260,1210,1327,1723,565,1064,1724,134,1727,967,1134,2017,879,955,1656,1185,2783,1715,1190,2165,1837,1054,2959,1720,1030,1096,1990,305,1243,1979,627,2674,2021,2976,3366,935,1058","sync_755,sync_87,sync_1008,sync_1842,sync_1191,sync_1725,sync_2014,sync_1251,sync_760,sync_1838,sync_606,sync_1716,sync_108,sync_1260,sync_1210,sync_1327,sync_1723,sync_565,sync_1064,sync_1724,sync_134,sync_1727,sync_967,sync_1134,sync_2017,sync_879,sync_955,sync_1656,sync_1185,sync_2783,sync_1715,sync_1190,sync_2165,sync_1837,sync_1054,sync_2959,sync_1720,sync_1030,sync_1096,sync_1990,add_305,sync_1243,sync_1979,sync_627,sync_2674,del_1049,sync_2021,sync_2976,sync_3366,sync_935,sync_1058",2,"(0, 14)","(0, 14)",100.78,24.158,0.875,False,True,BERT4Rec,ml-1m,2048,20,0.2,0.5,"('replace', 'swap', 'add', 'delete', 'shuffle', 'reverse')",False,"(6, 6, 6)",genetic_categorized,"Mon, 09 Dec 2024 17:11:41"
5,"(None, 1, 0)",good,"1346,669,648,198,1315,1334,423,1342,658,1773,1380,1175,1089,908,622,2892,3284,2469,2797,811,914,576,2885,2147,2609,1834,2828,1383,1181,700,2206,182,1771,1318,1867,1092,2115,1608,936,1057,1109,2883,1826,2607,1153,1138,1204,2544,2137,2055","1346,669,648,198,1315,1334,423,1342,658,1773,1380,1175,1089,908,622,2892,3284,2469,2797,811,914,576,2885,2147,2609,1834,2828,1383,1181,700,2206,182,1771,1318,1867,1092,2115,1608,936,1057,1109,2883,1826,2607,1153,1138,1204,2544,2137,49","sync_1346,sync_669,sync_648,sync_198,sync_1315,sync_1334,sync_423,sync_1342,sync_658,sync_1773,sync_1380,sync_1175,sync_1089,sync_908,sync_622,sync_2892,sync_3284,sync_2469,sync_2797,sync_811,sync_914,sync_576,sync_2885,sync_2147,sync_2609,sync_1834,sync_2828,sync_1383,sync_1181,sync_700,sync_2206,sync_182,sync_1771,sync_1318,sync_1867,sync_1092,sync_2115,sync_1608,sync_936,sync_1057,sync_1109,sync_2883,sync_1826,sync_2607,sync_1153,sync_1138,sync_1204,sync_2544,sync_2137,add_49,del_2055",1,"(3,)","(0, 16, 7)",100.103,0.99,1.489,False,True,BERT4Rec,ml-1m,2048,20,0.2,0.5,"('replace', 'swap', 'add', 'delete', 'shuffle', 'reverse')",False,"(6, 6, 6)",genetic_categorized,"Mon, 09 Dec 2024 17:11:41"
5,"(None, 10, 0)",good,"1346,669,648,198,1315,1334,423,1342,658,1773,1380,1175,1089,908,622,2892,3284,2469,2797,811,914,576,2885,2147,2609,1834,2828,1383,1181,700,2206,182,1771,1318,1867,1092,2115,1608,936,1057,1109,2883,1826,2607,1153,1138,1204,2544,2137,2055","1346,669,648,198,1315,1334,423,1342,658,1773,1380,1175,1089,908,622,2892,3284,2469,2797,811,914,576,2885,2147,2609,1834,2828,1383,1181,700,2206,182,1771,1318,1867,1092,2115,1608,936,1057,1109,2883,1826,2607,1153,1138,1204,93,2137,2055","sync_1346,sync_669,sync_648,sync_198,sync_1315,sync_1334,sync_423,sync_1342,sync_658,sync_1773,sync_1380,sync_1175,sync_1089,sync_908,sync_622,sync_2892,sync_3284,sync_2469,sync_2797,sync_811,sync_914,sync_576,sync_2885,sync_2147,sync_2609,sync_1834,sync_2828,sync_1383,sync_1181,sync_700,sync_2206,sync_182,sync_1771,sync_1318,sync_1867,sync_1092,sync_2115,sync_1608,sync_936,sync_1057,sync_1109,sync_2883,sync_1826,sync_2607,sync_1153,sync_1138,sync_1204,add_93,del_2544,sync_2137,sync_2055",1,"(3,)","(7,)",100.103,88.809,1.36,False,True,BERT4Rec,ml-1m,2048,20,0.2,0.5,"('replace', 'swap', 'add', 'delete', 'shuffle', 'reverse')",False,"(6, 6, 6)",genetic_categorized,"Mon, 09 Dec 2024 17:11:41"
5,"(None, 1, 5)",good,"1346,669,648,198,1315,1334,423,1342,658,1773,1380,1175,1089,908,622,2892,3284,2469,2797,811,914,576,2885,2147,2609,1834,2828,1383,1181,700,2206,182,1771,1318,1867,1092,2115,1608,936,1057,1109,2883,1826,2607,1153,1138,1204,2544,2137,2055","1346,669,648,198,1315,1334,423,1342,658,1773,1380,1175,1089,908,622,2892,3284,2469,2797,811,914,576,2885,2147,2609,1834,2828,1383,1181,700,2206,182,1771,1318,1867,1092,2115,1608,936,1057,1109,2883,1826,2607,1274,1138,1204,2544,2137,2055","sync_1346,sync_669,sync_648,sync_198,sync_1315,sync_1334,sync_423,sync_1342,sync_658,sync_1773,sync_1380,sync_1175,sync_1089,sync_908,sync_622,sync_2892,sync_3284,sync_2469,sync_2797,sync_811,sync_914,sync_576,sync_2885,sync_2147,sync_2609,sync_1834,sync_2828,sync_1383,sync_1181,sync_700,sync_2206,sync_182,sync_1771,sync_1318,sync_1867,sync_1092,sync_2115,sync_1608,sync_936,sync_1057,sync_1109,sync_2883,sync_1826,sync_2607,add_1274,del_1153,sync_1138,sync_1204,sync_2544,sync_2137,sync_2055",1,"(3,)","(0, 1, 5)",100.103,3.751,1.332,False,True,BERT4Rec,ml-1m,2048,20,0.2,0.5,"('replace', 'swap', 'add', 'delete', 'shuffle', 'reverse')",False,"(6, 6, 6)",genetic_categorized,"Mon, 09 Dec 2024 17:11:41"
5,"(None, 5, 5)",bad,"1346,669,648,198,1315,1334,423,1342,658,1773,1380,1175,1089,908,622,2892,3284,2469,2797,811,914,576,2885,2147,2609,1834,2828,1383,1181,700,2206,182,1771,1318,1867,1092,2115,1608,936,1057,1109,2883,1826,2607,1153,1138,1204,2544,2137,2055","1346,669,648,198,1315,1334,423,1342,658,1773,1380,1175,1089,908,622,2892,3284,2469,2797,811,914,576,2885,2147,2609,1834,2828,1383,1181,700,2206,182,1771,1318,1867,1092,2115,1608,936,1057,1109,2883,2387,2607,1153,1138,1204,2544,2137,2055","sync_1346,sync_669,sync_648,sync_198,sync_1315,sync_1334,sync_423,sync_1342,sync_658,sync_1773,sync_1380,sync_1175,sync_1089,sync_908,sync_622,sync_2892,sync_3284,sync_2469,sync_2797,sync_811,sync_914,sync_576,sync_2885,sync_2147,sync_2609,sync_1834,sync_2828,sync_1383,sync_1181,sync_700,sync_2206,sync_182,sync_1771,sync_1318,sync_1867,sync_1092,sync_2115,sync_1608,sync_936,sync_1057,sync_1109,sync_2883,add_2387,del_1826,sync_2607,sync_1153,sync_1138,sync_1204,sync_2544,sync_2137,sync_2055",1,"(3,)","(3,)",100.103,25.13,1.204,False,True,BERT4Rec,ml-1m,2048,20,0.2,0.5,"('replace', 'swap', 'add', 'delete', 'shuffle', 'reverse')",False,"(6, 6, 6)",genetic_categorized,"Mon, 09 Dec 2024 17:11:41"
5,"(None, 10, 5)",bad,"1346,669,648,198,1315,1334,423,1342,658,1773,1380,1175,1089,908,622,2892,3284,2469,2797,811,914,576,2885,2147,2609,1834,2828,1383,1181,700,2206,182,1771,1318,1867,1092,2115,1608,936,1057,1109,2883,1826,2607,1153,1138,1204,2544,2137,2055","1346,669,648,198,1315,1334,423,1342,658,1773,1380,1175,1089,908,622,2892,3284,2469,2797,811,914,576,2885,2147,2609,1834,2828,1383,1181,700,2206,182,1771,1318,1867,1092,2115,1608,936,1057,1109,2883,2387,2607,1153,1138,1204,2544,2137,2055","sync_1346,sync_669,sync_648,sync_198,sync_1315,sync_1334,sync_423,sync_1342,sync_658,sync_1773,sync_1380,sync_1175,sync_1089,sync_908,sync_622,sync_2892,sync_3284,sync_2469,sync_2797,sync_811,sync_914,sync_576,sync_2885,sync_2147,sync_2609,sync_1834,sync_2828,sync_1383,sync_1181,sync_700,sync_2206,sync_182,sync_1771,sync_1318,sync_1867,sync_1092,sync_2115,sync_1608,sync_936,sync_1057,sync_1109,sync_2883,add_2387,del_1826,sync_2607,sync_1153,sync_1138,sync_1204,sync_2544,sync_2137,sync_2055",1,"(3,)","(3,)",100.103,66.423,1.244,False,True,BERT4Rec,ml-1m,2048,20,0.2,0.5,"('replace', 'swap', 'add', 'delete', 'shuffle', 'reverse')",False,"(6, 6, 6)",genetic_categorized,"Mon, 09 Dec 2024 17:11:41"
